,composition,gap expt
0,Ag(AuS)2,0.0
1,Ag(W3Br7)2,0.0
2,Ag0.5Ge1Pb1.75S4,1.83
3,Ag0.5Ge1Pb1.75Se4,1.51
4,Ag2BBr,0.0
5,Ag2BiO3,0.0
6,Ag2GeS3,1.98
7,Ag2GeSe3,0.9
8,Ag2HgI4,2.47
9,Ag2Mo(I2O7)2,3.06
10,Ag2P2PbO7,0.0
11,Ag2PdO2,0.18
12,Ag3AsO4,0.0
13,Ag3Pd,0.0
14,Ag3RuO4,0.0
15,Ag5IO6,1.4
16,Ag7(SI)2,0.0
17,Ag7AsS6,1.0
18,Ag7AsSe6,1.0
19,Ag7NO11,0.0
20,Ag8GeS6,1.18
21,Ag8SnSe6,0.71
22,Ag9(PbO3)4,0.0
23,Ag9Ge2IO8,0.0
24,AgAsSe2,1.4
25,AgAu3,0.0
26,AgBi(PS3)2,1.7
27,AgBi(PSe3)2,1.4
28,AgBiPbS3,1.2
29,AgBiPbSe3,0.13
30,AgBiS2,0.9
31,AgBiSe2,0.34
32,AgBr,2.52
33,AgCNO,0.0
34,AgCl,5.13
35,AgF,2.8
36,AgGeO3,0.0
37,AgO,1.57
38,AgP15,1.47
39,AgPd(IO3)3,1.5
40,AgPdO2,0.0
41,AgPt3,0.0
42,AgSO4,0.18
43,AgTe2As,0.8
44,Al(Ni10B7)2,0.0
45,Al(NiS2)2,0.0
46,Al0.01Cd0.99Sb0.01Te0.99,1.6
47,Al0.01Ga0.99P1,2.27
48,Al0.01In0.99P1,1.3
49,Al0.05Cd0.95Sb0.05Te0.95,1.37
50,Al0.15Ga0.85As1,1.6
51,Al0.1Cd0.9Sb0.1Te0.9,1.36
52,Al0.1In0.9P1,1.5
53,Al0.2Ga0.8P1,2.3
54,Al0.2In0.8P1,1.7
55,Al0.35Ga0.65As1,2.0
56,Al0.3Ga0.7As1,1.81
57,Al0.3In0.7P1,1.9
58,Al0.45Cd0.55Sb0.45Te0.55,1.93
59,Al0.4Cd0.6Sb0.4Te0.6,1.8
60,Al0.4Ga0.6P1,2.35
61,Al0.4In0.6P1,2.12
62,Al0.5Ga0.5As1,2.12
63,Al0.6Ga0.4As1,2.3
64,Al0.6Ga0.4P1,2.4
65,Al0.6In0.4P1,2.3
66,Al0.75Ga0.25As1,2.42
67,Al0.7In0.3P1,2.3
68,Al0.8Ga0.2P1,2.43
69,Al0.99Cd0.01Sb0.99Te0.01,2.21
70,Al0.99Ga0.01P1,2.49
71,Al0.99In0.01P1,2.4
72,Al10V,0.0
73,Al13Ru4,0.0
74,Al2(CuSe2)3,0.0
75,Al21Pt8,0.0
76,Al2CoIr,0.0
77,Al2Cr2O7,0.0
78,Al2CrS4,0.0
79,Al2Cu,0.0
80,Al2FeNi,0.0
81,Al2Ru,0.0
82,Al2S3,4.1
83,Al2Se3,3.1
84,Al3Tc,0.0
85,Al4Cu2O7,0.0
86,Al4Cu9,0.0
87,Al5Rh2,0.0
88,Al6Fe,0.0
89,Al6Ru,0.0
90,Al6Tc,0.0
91,Al7(CN)3,0.0
92,Al9Co2,0.0
93,Al9Ir2,0.0
94,Al9Rh2,0.0
95,AlAgO2,3.6
96,AlAgS2,3.13
97,AlAgSe2,2.55
98,AlAgTe2,1.8
99,AlAs,0.0
100,AlB2,0.0
101,AlBi,0.4
102,AlCoO3,0.0
103,AlCu3,0.0
104,AlCu7O12,0.0
105,AlCuS2,3.5
106,AlCuTe2,2.06
107,AlFe2Si,0.0
108,AlFe4(CuO4)3,0.0
109,AlIr,0.0
110,AlNi2,0.0
111,AlPd5I2,0.0
112,AlSn,0.0
113,AlV(TeO4)2,2.9
114,AlVCo2,0.0
115,As2Ir,1.0
116,As2O3,4.0
117,As2Os,0.9
118,As2Rh,1.15
119,As2Ru,0.8
120,As2S5,2.48
121,AsAu3,0.0
122,AsBr3,2.6
123,AsOsS,1.3
124,AsP,0.23
125,AsPPd,0.45
126,AsPPt,0.4
127,AsPRu,0.8
128,AsPd3Pb2,0.0
129,AsRuS,1.2
130,AsS,2.4
131,AsS3,2.35
132,AsSI,2.05
133,AsSeBr,0.0
134,AsSeI,1.76
135,Au3S,0.0
136,AuBrO2,0.0
137,B2Mo(PbO2)6,2.9
138,B2O3,4.89
139,B2Se2O7,4.64
140,B3H2Pb2O7.5,4.42
141,B3Pb10Br3O13,3.25
142,B3Pb3NO10,3.64
143,B4C,1.64
144,B4H2Pb6O13,3.24
145,B4W,0.0
146,B5Mo2,0.0
147,B6As,1.51
148,B6P,3.3
149,BAs,1.45
150,BH(PbO2)2,3.76
151,BMo,0.0
152,BP,4.2
153,BPb2ClO3,3.99
154,BPb6BrO7,2.84
155,BPb7Br3O7,2.62
156,BRh2,0.0
157,BSb,2.6
158,BSbPbS4,1.8
159,BSe2Cl,0.0
160,BTe2As,0.0
161,Ba(AsPd)2,0.0
162,Ba(AsRh)2,0.0
163,Ba(BRh)2,0.0
164,Ba(FeS2)2,0.0
165,Ba(GaS2)2,4.13
166,Ba(GaSe2)2,3.16
167,Ba(InS2)2,3.06
168,Ba(InSe2)2,2.63
169,Ba(NiP2)2,0.0
170,Ba(PdO2)2,0.0
171,Ba(SnO2)4,0.0
172,Ba(ZnAs)2,0.23
173,Ba1.88Ta15O32,0.13
174,Ba12In4S19,2.56
175,Ba14Ir8(PdO11)3,0.0
176,Ba14Na8CaN6,0.0
177,Ba23Ga8(SbS19)2,2.84
178,Ba2B4H2O9,5.12
179,Ba2B6H4O13,6.53
180,Ba2B6O11,5.17
181,Ba2BiSbO6,0.0
182,Ba2CaOsO6,0.0
183,Ba2CaReO6,0.0
184,Ba2Cd(BO2)6,4.59
185,Ba2Ce2O5,0.0
186,Ba2CeInTe5,1.35
187,Ba2CoWO6,0.0
188,Ba2Cu5F14,0.0
189,Ba2CuWO6,0.0
190,Ba2DyCu3O7,0.0
191,Ba2DyGaSe5,2.35
192,Ba2DyGaTe5,1.13
193,Ba2DyInSe5,2.27
194,Ba2DyInTe5,1.35
195,Ba2ErGaSe5,1.95
196,Ba2ErGaTe5,1.15
197,Ba2ErInSe5,2.29
198,Ba2ErInTe5,1.35
199,Ba2FeMoO6,0.0
200,Ba2FeReO6,0.0
201,Ba2Ga8GeS16,3.0
202,Ba2Ga8SiS16,3.4
203,Ba2GaAsSe5,1.39
204,Ba2GaBiS5,2.38
205,Ba2GaBiSe5,2.21
206,Ba2GaBiTe5,1.43
207,Ba2GaS4,2.55
208,Ba2GaSbSe5,2.51
209,Ba2GaSbTe5,1.66
210,Ba2GaSe4,1.63
211,Ba2GdGaSe5,1.87
212,Ba2GdGaTe5,1.12
213,Ba2GdInSe5,2.24
214,Ba2GdInTe5,1.36
215,Ba2HgS5,2.4
216,Ba2In2S5,2.47
217,Ba2In2Se5,2.12
218,Ba2InAgS4,2.32
219,Ba2InBiS5,1.55
220,Ba2InSbSe5,1.92
221,Ba2LaIrO6,0.0
222,Ba2LiFe2N3,0.0
223,Ba2NaCu3S5,0.45
224,Ba2NdGaS5,2.12
225,Ba2NdGaSe5,2.18
226,Ba2NdInSe5,2.2
227,Ba2NdInTe5,1.37
228,Ba2ReNiO6,0.0
229,Ba2Sb7HO14,2.7
230,Ba2ScIrO6,0.0
231,Ba2ScTaO6,4.19
232,Ba2SmCu3O7,0.0
233,Ba2SmGaSe5,2.27
234,Ba2SmGaTe5,1.04
235,Ba2SmInSe5,2.22
236,Ba2SmInTe5,1.36
237,Ba2SmTaO6,3.02
238,Ba2SnSe4,1.9
239,Ba2SnSe5,1.8
240,Ba2TaInO6,4.17
241,Ba2TbIrO6,0.0
242,Ba2ThCu2Se5,1.75
243,Ba2UCuO6,0.0
244,Ba2V2Te2O11,3.16
245,Ba2V2ZnO8,3.48
246,Ba2V4(TeO6)3,2.64
247,Ba2YGaSe5,2.31
248,Ba2YGaTe5,1.08
249,Ba2YInSe5,2.31
250,Ba2YInTe5,1.36
251,Ba2YReO6,0.0
252,Ba2Yb(CuO2)4,0.0
253,Ba2Zn0.2B2S5.2,3.54
254,Ba2ZnSe3,2.75
255,Ba2ZnTe3,2.1
256,Ba3(AlGe)2,0.0
257,Ba3(LiSn2)4,0.0
258,Ba3Ag2(SnS4)2,2.37
259,Ba3B1.5Sb0.5S6,3.01
260,Ba3BSbS6,2.62
261,Ba3BSbSe6,1.89
262,Ba3Bi0.5B1.5S6,2.43
263,Ba3Bi2TeO9,2.3
264,Ba3CaIr2O9,0.0
265,Ba3CaRu2O9,0.0
266,Ba3Cd(SnS4)2,2.75
267,Ba3Co10O17,0.0
268,Ba3CrS5,0.0
269,Ba3Dy2(PS4)4,3.28
270,Ba3Er2(PS4)4,3.3
271,Ba3ErRu2O9,0.0
272,Ba3Eu(PO4)3,4.09
273,Ba3FeS4Br,1.65
274,Ba3Gd2(PS4)4,3.41
275,Ba3GeS5,3.0
276,Ba3Ho2(PS4)4,3.3
277,Ba3In2(PO4)4,3.87
278,Ba3InS4Cl,3.42
279,Ba3La3(Cu3O7)2,1.8
280,Ba3MgTa2O9,4.28
281,Ba3N2,0.0
282,Ba3NaIr2O9,0.0
283,Ba3NaIrO6,0.0
284,Ba3Nb2CoO9,0.0
285,Ba3Nb2Se9,1.3
286,Ba3P3ClO10,6.89
287,Ba3PN,0.0
288,Ba3Sb2S7,2.4
289,Ba3Sn(SbSe4)2,0.97
290,Ba3Sn0.87Bi2.13Se8,0.79
291,Ba3Ta2Se9,1.6
292,Ba3Ta2ZnO9,4.32
293,Ba3Ta5NO14,2.8
294,Ba3Tb2(PS4)4,3.37
295,Ba3Te,0.0
296,Ba3ThSe7,1.96
297,Ba3V2(SeO4)4,2.87
298,Ba3YIr2O9,0.0
299,Ba3Yb4O9,0.0
300,Ba3ZrRu2O9,0.0
301,Ba4B11O20F,7.1
302,Ba4Ga4GeSe12,2.18
303,Ba4Ga4SnSe12,2.16
304,Ba4Ga5AgS12,2.52
305,Ba4Ga5CuS12,2.82
306,Ba4Ga5CuSe12,1.45
307,Ba4Ga5Si18,0.31
308,Ba4Ge3S9Cl2,2.91
309,Ba4Ge3Se9Cl2,1.89
310,Ba4InAgSe6,2.41
311,Ba4InCuSe6,2.23
312,Ba4LiGa5Se12,2.65
313,Ba4Nb14O23,0.0
314,Ba4Sb3S8Cl,2.09
315,Ba4Si20Au3,0.0
316,Ba4Si3Se9Cl2,1.76
317,Ba4Sm2Cu2O9,0.0
318,Ba4Yb(CuO3)3,0.0
319,Ba5(Ga2Se5)2,2.2
320,Ba5(GaSe4)2,2.51
321,Ba5Al2Ge7,0.0
322,Ba5Bi3,0.0
323,Ba5Cd(Ga2Se5)3,2.6
324,Ba5Ga6GeP12,1.39
325,Ba5Ga6SnP12,1.21
326,Ba5Ge3,0.0
327,Ba5In4Bi5,0.0
328,Ba5In4Te4S7,2.13
329,Ba5Sb3,0.0
330,Ba5V3O12F,3.85
331,Ba6Al4B14O33,3.44
332,Ba6Ga2SnSe11,1.99
333,Ba6In2NF,0.0
334,Ba6Sn6Se13,1.52
335,Ba7(SnS3)5,2.29
336,Ba7B3O9F5,4.94
337,Ba7Ga5AgS15,2.6
338,Ba7Ru4Br2O15,0.0
339,Ba8Al10B12O41,3.1
340,Ba8Hg4Se7S5,1.98
341,Ba8Sn4S15,2.31
342,Ba8Ta7O24,0.0
343,BaAg,0.0
344,BaAg2,0.0
345,BaAgSbS3,2.2
346,BaAl2,0.0
347,BaAl4Se7,3.4
348,BaAlCu4O7,0.0
349,BaAu(IO3)5,2.32
350,BaAu2,0.0
351,BaB6,2.64
352,BaBClF4,6.89
353,BaBSbS4,2.34
354,BaBiClO2,3.71
355,BaCaB2O5,5.6
356,BaCaSn3,0.0
357,BaCdSnS4,2.3
358,BaCu2SnSe4,0.48
359,BaCuSbS3,2.0
360,BaCuSbSe3,1.6
361,BaCuTeF,2.3
362,BaDy2CuO5,0.0
363,BaEu2Mn2O7,0.0
364,BaGa2GeS6,3.23
365,BaGa2SiS6,3.75
366,BaGa2SiSe6,2.88
367,BaGa4S7,3.54
368,BaGa4Se7,2.64
369,BaGe2,1.0
370,BaGe3Pt,0.0
371,BaGe4(IrS3)2,1.54
372,BaGe4(IrSe3)2,1.33
373,BaGe4(RhSe3)2,1.09
374,BaHgS2,1.93
375,BaHgSe2,1.56
376,BaIn2(P2O7)2,3.97
377,BaIn2Ir,0.0
378,BaLa2CoS5,0.0
379,BaLa2In2S7,1.87
380,BaLa2In2Se7,1.66
381,BaLa2Te5O14,3.81
382,BaLi4,0.0
383,BaMn4O7,0.0
384,BaMn4ZnO8,0.0
385,BaMnO3,0.0
386,BaNa2GeS4,3.7
387,BaNa2GeSe4,2.25
388,BaNa2SnS4,3.27
389,BaNa2SnSe4,2.46
390,BaNaB5O9,4.78
391,BaNb4O6,0.0
392,BaO,4.8
393,BaPd(IO3)4,1.97
394,BaPdSe6,2.15
395,BaPrO3,2.0
396,BaPt5,0.0
397,BaReH9,3.44
398,BaS,3.88
399,BaSi,0.0
400,BaSi2,1.3
401,BaSn2S5,2.35
402,BaSn3,0.0
403,BaSnO3,3.1
404,BaTaNO2,1.78
405,BaTbMn2O6,0.0
406,BaTe,3.4
407,BaTeMo2O9,3.12
408,BaTh3,0.0
409,BaTi14O28,0.0
410,BaTi4O7,0.0
411,BaTi4O8,0.0
412,BaTl(MoO3)2,0.0
413,BaTl3,0.0
414,BaUSe3,1.0
415,BaV2SeO8,2.13
416,BaYb2O4,0.0
417,BaYbSn3,0.0
418,BaZn(MoO2)4,0.0
419,BaZn5,0.0
420,BaZnGeSe4,2.46
421,BaZnSO,3.9
422,BaZnSiSe4,2.71
423,Be12Pt,0.0
424,Be22Re,0.0
425,Be2HgTe,0.0
426,Be2W,0.0
427,Be3N2,3.8
428,Be3Sb2,0.67
429,BeAlB,0.0
430,BeCu,0.0
431,BeFe2Si,0.0
432,BeGaO3,0.0
433,BeGaRh2,0.0
434,BeO,10.39
435,BePd2,0.0
436,BePd3,0.0
437,BeS,4.17
438,BeSe,4.0
439,BeSiOs2,0.0
440,BeSiRu2,0.0
441,BeTcSe,0.0
442,BeTe,2.89
443,Bi0.002Te0.003Pb0.999Se0.999,0.79
444,Bi0.04Te0.06Pb0.98Se0.98,0.28
445,Bi0.2Sb1.8Te3,0.28
446,Bi0.2Te0.3Pb0.9Se0.9,0.25
447,Bi0.4Sb1.6Te3,0.21
448,Bi0.4Te0.6Pb0.8Se0.8,0.22
449,Bi0.6Sb1.4Te3,0.2
450,Bi1.4Sb0.6Te3,0.17
451,Bi1.6Sb0.4Te3,0.16
452,Bi1.8Sb0.2Te3,0.15
453,Bi1.98Sb0.02Te3,0.14
454,Bi12PO20,3.25
455,Bi12Rh12O41,0.0
456,Bi1Sb0.15,0.02
457,Bi2(BO3)3,0.0
458,Bi2(MoO4)3,2.9
459,Bi2(PO4)3,0.0
460,Bi24BO39,2.91
461,Bi2AsClO4,3.43
462,Bi2CO5,3.42
463,Bi2I4O13,3.3
464,Bi2Mo2Se2O13,3.15
465,Bi2O5,0.0
466,Bi2Pd3S2,0.0
467,Bi2Pt,0.0
468,Bi2SI2O11,3.74
469,Bi2Se3,0.35
470,Bi2SeI2O11,3.7
471,Bi2Te0.03Se2.97,0.27
472,Bi2Te0.1Se2.9,0.78
473,Bi2Te0.3Se2.7,0.24
474,Bi2Te0.45Se2.55,0.2
475,Bi2Te0.4Se2.6,0.7
476,Bi2Te0.6Se2.4,0.28
477,Bi2Te0.9Se2.1,0.28
478,Bi2Te1.2Se1.8,0.28
479,Bi2Te1.5Se1.5,0.29
480,Bi2Te2.1Se0.9,0.29
481,Bi2Te2.4Se0.6,0.25
482,Bi2Te2.7Se0.3,0.2
483,Bi2Te2.97Se0.03,0.15
484,Bi2Te2SO10,3.6
485,Bi2Te2Se,0.3
486,Bi2Te3,0.25
487,Bi3BTeO9,2.6
488,Bi3I4O13F3,3.7
489,Bi3Se2NO11,3.59
490,Bi4I,0.0
491,Bi4Pb7Se13,0.29
492,Bi4Pd(SeO3)4,2.06
493,Bi5IO7,2.76
494,Bi7O5F11,4.05
495,Bi8Te7S5,0.4
496,Bi9S6O7.5,1.27
497,BiAs2Os,0.0
498,BiBPbO4,3.2
499,BiBr3,2.66
500,BiBrO,2.92
501,BiClO,3.46
502,BiIO3F2,3.97
503,BiO,0.0
504,BiP3(PbO4)3,3.7
505,BiPO4,3.85
506,BiPb2S2I3,1.6
507,BiPbClO2,2.45
508,BiPd,0.0
509,BiSBr,1.88
510,BiSCl,1.89
511,BiSI,1.56
512,BiSbTe3,0.19
513,BiSe,0.4
514,BiSeI,1.28
515,BiSeO3F,3.83
516,BiTeI,0.46
517,BiTeNO6,3.62
518,CBr4,3.7
519,CI4,2.26
520,Ca(AgGe)2,0.0
521,Ca(Al4Co)2,0.0
522,Ca(AlZn)2,0.0
523,Ca(BC)2,0.0
524,Ca(BIr)2,0.0
525,Ca(BiO2)2,3.08
526,Ca(CoGe)2,0.0
527,Ca(CoS2)4,0.0
528,Ca(GdS2)2,2.55
529,Ca(GeRh)2,0.0
530,Ca(LaS2)2,2.7
531,Ca(MnAs)2,0.0
532,Ca(NdS2)2,2.7
533,Ca(Ni2O3)2,0.0
534,Ca(PrS2)2,2.9
535,Ca(SiPd)2,0.0
536,Ca(SmS2)2,2.05
537,Ca(TiS2)4,0.0
538,Ca10Ge16(B2O17)3,5.47
539,Ca11Bi10,0.0
540,Ca11Ga7,0.0
541,Ca2Bi2O5,3.34
542,Ca2CdAs2,0.95
543,Ca2CdPb,0.0
544,Ca2Co9O13,0.0
545,Ca2CuWO6,0.0
546,Ca2Ge,1.0
547,Ca2GeN2,0.0
548,Ca2Mn9O13,0.0
549,Ca2MnAlO5,0.0
550,Ca2NiIrO6,0.0
551,Ca2Os2O7,0.0
552,Ca2PbAu2,0.0
553,Ca2ScSbO6,3.68
554,Ca2Si,1.9
555,Ca2SmTaO6,3.45
556,Ca2Sn,0.9
557,Ca2Sn2F3,0.0
558,Ca2SnS4,2.32
559,Ca2Ti9O13,0.0
560,Ca2TlCd,0.0
561,Ca2ZnRh,0.0
562,Ca3(GaPt)2,0.0
563,Ca3Al2Ge3,0.0
564,Ca3Au,0.0
565,Ca3Au4,0.0
566,Ca3Bi(PO4)3,4.2
567,Ca3BiAs,0.0
568,Ca3BiSb,0.0
569,Ca3Cu2(ClO2)2,0.0
570,Ca3In,0.0
571,Ca3La2(SnS4)3,1.45
572,Ca3N2,1.55
573,Ca3PbN,0.0
574,Ca3Sb2,1.4
575,Ca3SbN,0.0
576,Ca3Sn2S7,0.0
577,Ca3Ti2(SiO4)3,1.65
578,Ca3TlN,0.0
579,Ca3Zr17O37,0.0
580,Ca4Al3O10,0.0
581,Ca4Bi6O13,2.76
582,Ca5(Bi7O13)2,2.6
583,Ca5Au2,0.0
584,Ca5B3O9F,6.53
585,Ca5Ir,0.0
586,Ca5Sb3,0.0
587,Ca5Sn4S13,0.0
588,Ca6Ag16N,0.0
589,Ca6Cu2Sn7,0.0
590,CaAgF5,0.0
591,CaAu5,0.0
592,CaB6,4.5
593,CaCdPd2,0.0
594,CaCdSi,0.0
595,CaCu5,0.0
596,CaEu2O3,0.0
597,CaEuO2,0.0
598,CaF2,9.92
599,CaGa3Ni2,0.0
600,CaGaAu3,0.0
601,CaGaGe,0.0
602,CaGe2,0.0
603,CaHfZn,0.0
604,CaHg2,0.0
605,CaI2,5.98
606,CaIn2Ir,0.0
607,CaIn4Ir,0.0
608,CaInAu,0.0
609,CaInPt,0.0
610,CaIrO3,0.0
611,CaMg2N2,3.25
612,CaMgSn,0.0
613,CaMnSn,0.0
614,CaNi5,0.0
615,CaOsO3,0.0
616,CaPb,0.0
617,CaPd3C,0.0
618,CaPrZn2,0.0
619,CaSnO3,4.4
620,CaTaNO2,2.4
621,CaTi4O8,0.0
622,CaTiO2,0.0
623,CaVO2,0.0
624,CaYbInSe4,0.0
625,CaZn2,0.0
626,CaZn3,0.0
627,CaZn3Ni2,0.0
628,CaZn5,0.0
629,CaZnSO,3.7
630,Cd(GaS2)2,3.4
631,Cd(In15Te23)2,1.17
632,Cd(PS2)2,3.76
633,Cd0.01Ga0.99Sb0.99Te0.01,0.72
634,Cd0.01Hg0.99Se1,1.72
635,Cd0.01In0.99Te0.01As0.99,0.76
636,Cd0.02In0.98Te0.02As0.98,0.73
637,Cd0.03In0.97Te0.03As0.97,0.71
638,Cd0.04In0.96Te0.04As0.96,0.69
639,Cd0.05Ga0.95Sb0.95Te0.05,0.74
640,Cd0.05In0.95Te0.05As0.95,0.68
641,Cd0.06In0.94Te0.06As0.94,0.68
642,Cd0.07In0.93Te0.07As0.93,0.68
643,Cd0.1Ga0.9Sb0.9Te0.1,0.78
644,Cd0.1In0.9Te0.1As0.9,0.69
645,Cd0.204Hg0.796Te1,0.06
646,Cd0.23Hg0.77Te1,0.12
647,Cd0.28Hg0.72Te1,0.21
648,Cd0.2Ga0.8Sb0.8Te0.2,0.8
649,Cd0.2In2.4Ag0.4Te4,0.42
650,Cd0.35Hg0.65Te1,0.28
651,Cd0.37Hg0.63Te1,0.35
652,Cd0.3Hg0.7Se1,1.1
653,Cd0.3Hg0.7Te1,0.27
654,Cd0.4Hg0.6Se1,0.95
655,Cd0.5Hg0.5Se1,0.8
656,Cd0.5In2.25Ag0.25Te4,0.39
657,Cd0.5In2.2Ag0.4Te4,0.19
658,Cd0.6Hg0.4Se1,0.7
659,Cd0.75In2.1Ag0.2Te4,0.54
660,Cd0.7Hg0.3Se1,0.55
661,Cd0.8Hg0.2Se1,0.45
662,Cd0.8In2.1Ag0.1Te4,0.29
663,Cd0.99Ga0.01Sb0.01Te0.99,1.35
664,Cd0.99Hg0.01Se1,0.29
665,Cd0.9Hg0.1Se1,0.35
666,Cd12Ge17(B4O29)2,4.29
667,Cd13I28,0.0
668,Cd1Se0.01S0.99,2.4
669,Cd1Se0.2S0.8,2.23
670,Cd1Se0.35S0.65,2.13
671,Cd1Se0.45S0.55,2.05
672,Cd1Se0.65S0.35,1.93
673,Cd1Se0.99S0.01,1.68
674,Cd2AgRh,0.0
675,Cd2InAgTe3,0.47
676,Cd2InCuTe3,0.7
677,Cd2InCuTe4,0.85
678,Cd2PbO4,0.0
679,Cd3AgPS6,2.56
680,Cd3Bi(PO4)3,3.9
681,Cd3Bi2,0.2
682,Cd3In2(Te2S)2,1.23
683,Cd3P2,0.5
684,Cd3Sb2,0.3
685,Cd3Te2MoO10,3.81
686,Cd4P2Br3,2.19
687,Cd4P2Cl3,2.17
688,Cd4P2I3,2.17
689,Cd4Sb2I3,1.83
690,Cd4Sb3,1.25
691,Cd5Ga2(Te3S)2,1.29
692,Cd6P7,0.85
693,Cd8B5O15F,3.14
694,CdAg,0.0
695,CdAg2(PS3)2,2.49
696,CdAg2GeS4,2.32
697,CdAsPd5,0.0
698,CdAuO2,0.0
699,CdBiClO2,3.08
700,CdBr2,4.47
701,CdCl2,5.7
702,CdCu(SeO3)2,3.33
703,CdCu2GeS4,2.05
704,CdCu2GeSe4,1.2
705,CdCu2SnS4,1.37
706,CdCu2SnSe4,0.96
707,CdF2,6.0
708,CdHIO4,4.35
709,CdHg4(AsI2)2,1.45
710,CdHg6(As2Br3)2,1.89
711,CdI2,3.8
712,CdIClO3,4.3
713,CdIn,0.6
714,CdIn8Te13,1.02
715,CdInCuSe3,1.66
716,CdO,2.3
717,CdP4PbO12,4.85
718,CdPd,0.0
719,CdPt,0.0
720,CdRhF6,0.0
721,CdSb2Se3Br2,1.4
722,CdSb4MoO10,3.4
723,CdSnO3,3.0
724,Ce(AlZn)2,0.0
725,Ce(BC)2,0.0
726,Ce(CoAs)2,0.0
727,Ce(CoB)4,0.0
728,Ce(CuSb)2,0.0
729,Ce(HO)3,0.0
730,Ce(InS2)3,1.11
731,Ce(MnGe)2,0.0
732,Ce(MnSi)2,0.0
733,Ce(PPt2)2,0.0
734,Ce(SiAu)2,0.0
735,Ce(SiNi)2,0.0
736,Ce(SiPd)2,0.0
737,Ce1.3Lu0.7S3,1.25
738,Ce10Se14O,1.93
739,Ce15B8N25,3.5
740,Ce1Mn0.5Se1O1,2.01
741,Ce2(SbPd3)3,0.0
742,Ce2(SnSe3)3,0.3
743,Ce2Al2Co15,0.0
744,Ce2Co5B2,0.0
745,Ce2CrN3,0.0
746,Ce2Cu(NO)2,0.0
747,Ce2Fe(SeO)2,0.64
748,Ce2Fe17,0.0
749,Ce2Ge2Se7,1.1
750,Ce2GeSe5,1.7
751,Ce2S2O,0.0
752,Ce2S3,1.12
753,Ce2Sb,0.0
754,Ce2Se3,1.75
755,Ce2SiSeO4,0.0
756,Ce2Ti2O7,0.0
757,Ce2ZnNi2,0.0
758,Ce3(Al3Ru)4,0.0
759,Ce3Al,0.0
760,Ce3AlC,0.0
761,Ce3B2(ClO2)3,0.0
762,Ce3In3Ru2,0.0
763,Ce3LuSe6,1.1
764,Ce3MnAlS7,0.0
765,Ce3MoO7,2.0
766,Ce3NbS3O4,0.0
767,Ce3Pd5,0.0
768,Ce3SiPt5,0.0
769,Ce3Ta(ClO2)3,0.0
770,Ce3TaO7,0.0
771,Ce4(GeS4)3,2.3
772,Ce4Bi3,0.0
773,Ce4FeSe6O,0.0
774,Ce4InSbSe9,1.69
775,Ce4Si3Rh4,0.0
776,Ce4Te7,0.5
777,Ce5(SiN3)3,0.0
778,Ce5CuSe8,0.0
779,Ce5Ge3,0.0
780,Ce5Si3,0.0
781,Ce6B2(CBr)3,0.0
782,Ce8Sb2S15,1.99
783,Ce8U2O21,0.0
784,Ce9SmO20,0.0
785,CeAgSn,0.0
786,CeAl2Pd5,0.0
787,CeAl2Pt3,0.0
788,CeAl3Ni2,0.0
789,CeAlO3,0.0
790,CeAlSi2,0.0
791,CeAsPd,0.0
792,CeAsSe,0.0
793,CeB2Ir3,0.0
794,CeBC,0.0
795,CeBiW2O9,2.34
796,CeCd2Ag,0.0
797,CeCdAu2,0.0
798,CeCoGeH,0.0
799,CeF3,4.85
800,CeGaO3,0.0
801,CeHSe,0.0
802,CeHg,0.0
803,CeInIr,0.0
804,CeIr5,0.0
805,CeLu3,0.0
806,CeMg2Ag,0.0
807,CeMgAg2,0.0
808,CeMgNi4,0.0
809,CeMgPt,0.0
810,CeMgZn2,0.0
811,CeMoO4F,2.52
812,CeN,0.7
813,CeNbO4,0.0
814,CeO2,3.41
815,CeOs2,0.0
816,CePd5,0.0
817,CePrO2,0.0
818,CeRh,0.0
819,CeSI,0.0
820,CeSbO3,0.0
821,CeScO3,3.2
822,CeSi2Ni,0.0
823,CeSi2Pt,0.0
824,CeSiI,0.0
825,CeSiIr,0.0
826,CeSiOs,0.0
827,CeTaN2O,1.9
828,CeTl2P2S7,2.4
829,CeTl3,0.0
830,CeTlZn,0.0
831,CeZnPO,0.0
832,Co(PO3)4,0.0
833,Co(WO4)2,0.0
834,Co1Te1.88,0.2
835,Co2B4Mo,0.0
836,Co2Ge,0.0
837,Co2O3,0.0
838,Co2Te3O8,3.6
839,Co3H,0.0
840,Co3Se4,0.0
841,Co3W,0.0
842,Co5Ge7,0.0
843,Co5RuO8,0.0
844,Co7Mo6,0.0
845,Co7Re17O48,0.0
846,CoAs3,0.4
847,CoAsRh,0.0
848,CoAsS,0.6
849,CoAsSe,0.2
850,CoCu2Sn,0.0
851,CoGe,0.0
852,CoH2(SN)4,0.0
853,CoMoP2,0.0
854,CoN,0.0
855,CoOF,0.0
856,CoP2,0.35
857,CoP3,0.45
858,CoPS,0.4
859,CoSb2,0.17
860,CoSb3,0.49
861,Cr(FeSe2)2,0.0
862,Cr(MoS2)2,0.0
863,Cr10Sb3Te7,0.0
864,Cr2CuS4,0.0
865,Cr2CuTe4,0.0
866,Cr2GeC,0.0
867,Cr2HO4,0.0
868,Cr2HgSe4,0.0
869,Cr2NiS4,0.0
870,Cr2O3,3.4
871,Cr2P3O11,0.0
872,Cr2SbTe,0.0
873,Cr3N2,0.0
874,Cr3Ni(PO4)6,0.0
875,Cr3P,0.0
876,Cr3Se4,1.59
877,Cr4As3,0.0
878,Cr4Cu3Te8,0.0
879,Cr7C3,0.0
880,CrAs,0.0
881,CrB2(PbO2)6,1.8
882,CrBi2I2O11,2.4
883,CrCo2Bi,0.0
884,CrCoGe,0.0
885,CrCoPt2,0.0
886,CrCu2Si,0.0
887,CrFe2Sb,0.0
888,CrFeP,0.0
889,CrH9(CN2)3,0.0
890,CrIrO4,0.0
891,CrIrO6,0.0
892,CrNi3,0.0
893,CrNiAs,0.0
894,CrNiP2O9,0.0
895,CrO2,0.23
896,CrO3,1.4
897,CrPbO4,2.25
898,CrSb2,0.14
899,CrSi2,1.3
900,CrTe2,0.17
901,Cs(AsRu)2,0.0
902,Cs(MoO3)3,0.0
903,Cs0.4K0.6P1Se6,2.1
904,Cs1.13Cd1.13Bi2.87Se6,1.0
905,Cs1.43Cd1.43Bi2.57S6,1.28
906,Cs10Cd4Sn4S17,3.16
907,Cs2AgBiBr6,2.19
908,Cs2AgBiCl6,2.77
909,Cs2Al2B2O7,4.13
910,Cs2Ba3(P2O7)2,6.31
911,Cs2Cd(PSe3)2,2.63
912,Cs2Cd0.25Hg5.75S7,1.66
913,Cs2Cd1.35Hg4.65S7,1.84
914,Cs2Cd2Bi2S5,1.7
915,Cs2Cd3(B4O7)4,4.76
916,Cs2Cd3Te4,2.48
917,Cs2CrCl4,0.0
918,Cs2Cu(PS3)3,2.4
919,Cs2Cu2Sb2S5,1.6
920,Cs2DyCu3Te4,1.38
921,Cs2Ga2S5,3.26
922,Cs2Ga2Se5,1.95
923,Cs2Hg(ICl)2,2.15
924,Cs2Hg3I8,2.56
925,Cs2Hg3S4,2.8
926,Cs2Hg6S7,1.63
927,Cs2La1.19Bi8.81S16,1.0
928,Cs2Li3(BO2)5,7.3
929,Cs2MgGe3Se8,2.04
930,Cs2MgSn3Se8,1.92
931,Cs2Mo15S19,0.0
932,Cs2NaCoF6,0.0
933,Cs2NaMgF6,0.0
934,Cs2NaMnF6,0.0
935,Cs2NbCuSe4,2.19
936,Cs2P2PdSe6,1.6
937,Cs2PdSe8,1.5
938,Cs2Pt(IO3)6,2.4
939,Cs2SCl6F,0.0
940,Cs2Sb,0.62
941,Cs2SeClF6,0.0
942,Cs2SiB4O9,6.53
943,Cs2Sn(PSe3)2,2.06
944,Cs2Sn3(SbS5)2,2.34
945,Cs2Te,3.5
946,Cs2TeBr6,2.12
947,Cs2TeI6,1.5
948,Cs2Th(PS3)3,2.8
949,Cs2Ti(AgS2)2,2.44
950,Cs2VAgS4,1.77
951,Cs2Zn3(SeO3)4,4.3
952,Cs2ZnGe3S8,3.33
953,Cs2ZnGe3Se8,2.31
954,Cs2ZnGe3Te8,1.07
955,Cs2ZnSn3Se8,2.12
956,Cs39Ga53(Se16Cl)6,2.74
957,Cs3As,0.6
958,Cs3Bi2Br9,2.5
959,Cs3Bi2I9,1.8
960,Cs3Li4(BO2)7,6.53
961,Cs3NaZn2Ge21,0.3
962,Cs3Nb2AsSe11,1.35
963,Cs3Nb9(TeO8)4,3.22
964,Cs3PW3O13,3.27
965,Cs3Sb,1.6
966,Cs3Sb2Br9,2.3
967,Cs3Sb2I9,1.89
968,Cs3Sn3Cl7F2,2.96
969,Cs3V2Cl9,0.0
970,Cs4Ag9(SbS3)4,2.0
971,Cs4BiAs3Se7,1.02
972,Cs4Ga4Si19,1.14
973,Cs4Ge(PSe3)4,2.0
974,Cs4Ge5(PbS4)4,1.95
975,Cs4In8GeSe16,2.2
976,Cs4Zr3S14,2.35
977,Cs5Bi(PSe3)4,1.85
978,Cs5Mo21Se23,0.0
979,Cs5P5Se12,2.17
980,Cs6.4Na1.6Ga8Ge38,0.22
981,CsAg2AsS3,2.7
982,CsAg2TeS6,2.04
983,CsAg5Te3,0.65
984,CsAgCl3,0.0
985,CsAgSb4S7,2.04
986,CsAu,2.3
987,CsB3O5,7.42
988,CsBi2,0.55
989,CsBi3Se5,0.43
990,CsBiS2,1.39
991,CsBiSe2,1.07
992,CsCaO3,0.0
993,CsCd4Ga5S12,3.09
994,CsCd4Ga5Se12,2.21
995,CsCd4Ga5Te12,1.67
996,CsCd4In5Se12,1.62
997,CsCd4In5Te12,1.42
998,CsCdBO3,2.58
999,CsCdInSe3,2.4
1000,CsCeCdSe3,2.4
1001,CsCeHgSe3,1.94
1002,CsCu(SbS2)2,1.7
1003,CsCu2AsS3,2.3
1004,CsCu2SbS3,1.63
1005,CsDy9(Cd2Se9)2,1.99
1006,CsEr9(Cd2Se9)2,2.09
1007,CsErZnSe3,2.56
1008,CsEuF3,0.0
1009,CsF,10.0
1010,CsGa(SnSe3)2,1.87
1011,CsGa7,0.0
1012,CsGaS3,3.0
1013,CsGaSnSe4,1.97
1014,CsGdO3,0.0
1015,CsGdZnTe3,2.13
1016,CsGe5BO12,4.89
1017,CsGeB3O7,5.76
1018,CsGeI3,1.6
1019,CsH3(SeO3)2,4.77
1020,CsHo9(Cd2Se9)2,2.06
1021,CsIn(SnSe3)2,1.78
1022,CsInGeSe4,2.32
1023,CsInHgS3,2.3
1024,CsInI3,0.0
1025,CsInS2,3.4
1026,CsInSe2,2.81
1027,CsInSnS4,2.9
1028,CsInTe2,2.16
1029,CsInTe3O8,3.9
1030,CsIr,0.0
1031,CsIrO3,0.0
1032,CsK(PSe4)2,2.36
1033,CsLaHgSe3,2.46
1034,CsLi(B3O5)2,6.89
1035,CsLiCO3,6.19
1036,CsLu7S11,1.86
1037,CsLu7Se11,1.78
1038,CsMg149,0.0
1039,CsMn4Ga5Te12,1.55
1040,CsMn4In5Se12,1.79
1041,CsMn4In5Te12,1.48
1042,CsMnSb,0.0
1043,CsNa2Sb,0.8
1044,CsNa8(B7O12)3,4.67
1045,CsNb6I11,0.0
1046,CsNbSe2O7,4.2
1047,CsNi2F6,0.0
1048,CsPPbO4,4.39
1049,CsPSe4,2.44
1050,CsPSe6,1.9
1051,CsRb(PSe4)2,2.41
1052,CsRb2Sb,1.5
1053,CsRbP,0.0
1054,CsSb(SO4)2,4.68
1055,CsSbS2,2.8
1056,CsSbSe2,1.7
1057,CsSbTe2,0.43
1058,CsSc(SeO3)2,5.2
1059,CsScBr3,0.0
1060,CsSmCdSe3,2.45
1061,CsSmHgSe3,2.37
1062,CsSn3,0.0
1063,CsTa3(SeO6)2,3.88
1064,CsTaPSe6,2.29
1065,CsTb9(Cd2Se9)2,1.95
1066,CsTbZnTe3,2.12
1067,CsTiCl3,0.0
1068,CsTiF4,0.0
1069,CsTm9(Cd2Se9)2,2.16
1070,CsUCuS3,0.0
1071,CsVP2S7,0.0
1072,CsWCl6,0.0
1073,CsYCdSe3,2.54
1074,CsYHgSe3,2.54
1075,CsYTe3O8,3.4
1076,CsYbCoSe3,0.95
1077,CsYbMnSe3,1.59
1078,CsZn2B3O7,5.69
1079,CsZn4In5Se12,1.61
1080,CsZn4In5Te12,1.61
1081,CsZrPSe6,2.0
1082,Cu(IrS2)2,0.0
1083,Cu(NO3)2,0.0
1084,Cu0.5Ge1Pb1.75S4,1.48
1085,Cu0.96Bi2Se3I1,0.68
1086,Cu1.8S1,2.3
1087,Cu10Sb3,0.0
1088,Cu11Sb4S13,0.0
1089,Cu15Si4,0.0
1090,Cu18S11,0.0
1091,Cu23(Sb4S13)2,0.0
1092,Cu25Se26,0.0
1093,Cu2GeS3,0.53
1094,Cu2H3ClO3,0.0
1095,Cu2Hg2SF6,0.0
1096,Cu2HgGeSe4,0.0
1097,Cu2O,2.58
1098,Cu2OF2,0.0
1099,Cu2PHO5,0.0
1100,Cu2Sb,0.0
1101,Cu2Te3O8,2.64
1102,Cu2WSe4,1.65
1103,Cu3(BiI4)4,0.0
1104,Cu3(P2O7)2,0.0
1105,Cu3Bi6S10I,0.72
1106,Cu3Hg2(Te3O8)2,2.56
1107,Cu3Pd,0.0
1108,Cu3SbSe4,0.31
1109,Cu3Se2(ClO3)2,0.0
1110,Cu4As2O9,0.0
1111,Cu4H10SO12,0.0
1112,Cu4Pd,0.0
1113,Cu4Sn7S16,0.8
1114,Cu4W(SCl)4,0.0
1115,Cu5(Si2O7)2,0.0
1116,Cu6PbO8,0.0
1117,Cu7Hg6,0.0
1118,Cu8O,0.0
1119,Cu9O13,0.0
1120,Cu9S5,0.0
1121,Cu9Se4(Cl3O7)2,0.0
1122,CuBS2,3.61
1123,CuBi(PSe3)2,1.2
1124,CuBiPbS3,0.12
1125,CuBiPbSe3,0.07
1126,CuBiSO,1.07
1127,CuBiSeO,0.82
1128,CuCN2,0.0
1129,CuClO2,0.0
1130,CuF,0.0
1131,CuHg(SeO3)2,3.25
1132,CuMoO4,0.0
1133,CuN3,4.17
1134,CuNi(CN)4,2.7
1135,CuP2(HO3)2,0.0
1136,CuPO4F,0.0
1137,CuPS3,2.2
1138,CuPd,0.0
1139,CuPtO2,0.0
1140,CuSbPbS3,1.31
1141,CuSbS2,1.38
1142,CuSbSe2,1.05
1143,CuSeO3,0.0
1144,Dy(Al2Cu)4,0.0
1145,Dy(CoGe)2,0.0
1146,Dy(CuSe)3,0.2
1147,Dy(CuSi)2,0.0
1148,Dy(CuTe)3,0.34
1149,Dy(GeRu)2,0.0
1150,Dy(InS2)3,1.22
1151,Dy12C6I17,0.0
1152,Dy12Co7,0.0
1153,Dy1Te1.4,0.6
1154,Dy1Te1.45,0.6
1155,Dy1Te1.7,0.35
1156,Dy2(GePt3)3,0.0
1157,Dy2(MoO4)3,1.92
1158,Dy2AlCo2,0.0
1159,Dy2C,0.0
1160,Dy2CdPd2,0.0
1161,Dy2CuOs,0.0
1162,Dy2MgIn,0.0
1163,Dy2MgTl,0.0
1164,Dy2Ni12P7,0.0
1165,Dy2O3,5.0
1166,Dy2S3,2.91
1167,Dy2Sn5,0.0
1168,Dy2Te3,0.69
1169,Dy2Ti3Si4,0.0
1170,Dy2TlCd,0.0
1171,Dy2ZnIn,0.0
1172,Dy3(CuGe)4,0.0
1173,Dy3Al0.5Si1S7,2.22
1174,Dy3Ga,0.0
1175,Dy3GaS6,2.81
1176,Dy3InC,0.0
1177,Dy3MnB7,0.0
1178,Dy4CdRh,0.0
1179,Dy4GaSbS9,2.58
1180,Dy4Sb3,0.0
1181,Dy4Te3S4,1.43
1182,Dy5Pb3,0.0
1183,Dy5Sn3,0.0
1184,Dy6FeTe2,0.0
1185,Dy7In(CoGe3)4,0.0
1186,DyAg,0.0
1187,DyAgGe,0.0
1188,DyAgHg2,0.0
1189,DyAs,1.0
1190,DyB2Rh2C,0.0
1191,DyB6,3.3
1192,DyBPd3,0.0
1193,DyBiPd,0.0
1194,DyBiPt,0.0
1195,DyCd2,0.0
1196,DyCoSi2,0.0
1197,DyFeSi,0.0
1198,DyGe,0.0
1199,DyInAu,0.0
1200,DyInCu2,0.0
1201,DyInPt2,0.0
1202,DyIr2,0.0
1203,DyMn2,0.0
1204,DyNiGe2,0.0
1205,DyNiSn,0.0
1206,DyPO4,6.38
1207,DyRh,0.0
1208,DyS2,0.0
1209,DySiIr,0.0
1210,DySn3,0.0
1211,DySnRu2,0.0
1212,DyYAg2,0.0
1213,DyZnGa,0.0
1214,DyZnRh2,0.0
1215,DyZrRu2,0.0
1216,DyZrSb,0.0
1217,Er(Al10Cr)2,0.0
1218,Er(CrSi)2,0.0
1219,Er(CuGe)2,0.0
1220,Er(CuTe)3,0.24
1221,Er(InS2)3,1.28
1222,Er(ReO4)2,0.0
1223,Er(SiPd)2,0.0
1224,Er2(Ga3Co)3,0.0
1225,Er2(MoO4)3,0.96
1226,Er2C3,0.0
1227,Er2Fe14B,0.0
1228,Er2Mg3Ru,0.0
1229,Er2MnC4,0.0
1230,Er2O3,5.42
1231,Er2Se3,1.66
1232,Er2SnAu2,0.0
1233,Er2Te3,0.9
1234,Er3Al3NiGe2,0.0
1235,Er3SnC,0.0
1236,Er3Te4,0.9
1237,Er4NiB13,0.0
1238,Er5Bi3,0.0
1239,Er5NiPb3,0.0
1240,Er5Si3,0.0
1241,Er6MnBi2,0.0
1242,ErAgSn,0.0
1243,ErAl9(Fe2Si3)2,0.0
1244,ErAlGe,0.0
1245,ErB2Ir3,0.0
1246,ErB2Ru3,0.0
1247,ErB6,3.5
1248,ErBPd3,0.0
1249,ErBiW2O9,3.26
1250,ErCu,0.0
1251,ErCuPb,0.0
1252,ErFeC2,0.0
1253,ErHg2,0.0
1254,ErLu3,0.0
1255,ErMg2,0.0
1256,ErNi4Au,0.0
1257,ErNi4B,0.0
1258,ErNiSn,0.0
1259,ErPbAu,0.0
1260,ErRu3,0.0
1261,ErSe2,1.07
1262,ErSiPd,0.0
1263,ErSnAu,0.0
1264,ErTe,0.9
1265,ErTlPd,0.0
1266,ErZn12,0.0
1267,Eu(AlAu)2,0.0
1268,Eu(AsPd)2,0.0
1269,Eu(BiSe2)2,1.02
1270,Eu(BiTe2)2,0.44
1271,Eu(CdSb)2,0.0
1272,Eu(ClO4)3,0.0
1273,Eu(DySe2)2,1.8
1274,Eu(ErSe2)2,1.7
1275,Eu(FeSi)2,0.0
1276,Eu(GaS2)2,2.25
1277,Eu(GaSe2)2,2.16
1278,Eu(GaTe2)2,1.7
1279,Eu(HoSe2)2,1.8
1280,Eu(InAs)2,0.0
1281,Eu(InS2)2,1.5
1282,Eu(InSe2)2,1.31
1283,Eu(InTe2)2,1.22
1284,Eu(LuSe2)2,1.7
1285,Eu(MgBi)2,0.0
1286,Eu(MnGe)2,0.0
1287,Eu(Ni2B)6,0.0
1288,Eu(NiAs)2,0.0
1289,Eu(POs)2,0.0
1290,Eu(SbS2)2,1.2
1291,Eu(SbSe2)2,0.95
1292,Eu(TmSe2)2,1.8
1293,Eu(ZnGe)2,0.0
1294,Eu(ZnSi)2,0.0
1295,Eu1.75Ag0.5Ge1S4,2.14
1296,Eu1.83Ta15O32,0.23
1297,Eu2(Ga3Rh)3,0.0
1298,Eu2C(NO)2,0.0
1299,Eu2CuO4,0.0
1300,Eu2Ga2GeS7,2.3
1301,Eu2Ge(BO4)2,0.0
1302,Eu2O3,4.5
1303,Eu2PBr,0.0
1304,Eu2ReO5,0.0
1305,Eu2Se3,1.02
1306,Eu2SnSe5,1.07
1307,Eu2TeO2,0.0
1308,Eu3(InP2)2,0.45
1309,Eu3As2,0.6
1310,Eu3BWO9,0.0
1311,Eu3Bi4S9,1.18
1312,Eu3P2,1.2
1313,Eu3S4,1.7
1314,Eu3Sb4S9,1.2
1315,Eu3Sb4Se9,1.08
1316,Eu3Se4,0.58
1317,Eu3Sn,0.0
1318,Eu4Te7,0.31
1319,Eu7(Ga3Sb4)2,0.6
1320,EuAgSb,0.0
1321,EuAl2O4,2.74
1322,EuAlO3,0.0
1323,EuB(SbO4)2,3.46
1324,EuBi3,0.0
1325,EuBiW2O9,3.63
1326,EuCd11,0.0
1327,EuClO,0.0
1328,EuCo8P5,0.0
1329,EuCu2SnS4,1.85
1330,EuCu9Sn4,0.0
1331,EuCuSeF,0.0
1332,EuCuSeO,0.0
1333,EuF3,0.0
1334,EuGe3Pt,0.0
1335,EuH2,1.85
1336,EuIn2(GeIr)4,0.26
1337,EuN,1.25
1338,EuNiGe3,0.0
1339,EuO,1.12
1340,EuPPt,0.0
1341,EuPd,0.0
1342,EuRhO3,0.0
1343,EuS,1.65
1344,EuSb4S7,0.98
1345,EuSb4Te7,0.54
1346,EuSbO3,0.0
1347,EuScO3,0.0
1348,EuSe,3.1
1349,EuSeClO3,0.0
1350,EuSn3,0.0
1351,EuSnAu2,0.0
1352,EuSnO3,0.0
1353,EuSnTe2,0.6
1354,EuTiClO3,0.0
1355,EuTiO3,0.0
1356,EuTl,0.0
1357,EuZn,0.0
1358,Fe(PdSe)2,0.0
1359,Fe10O9F11,0.0
1360,Fe12As5,0.0
1361,Fe2B(PO4)3,3.52
1362,Fe2Cu(PO4)3,0.0
1363,Fe2O2F3,0.0
1364,Fe2O3,2.2
1365,Fe2S,0.0
1366,Fe3B,0.0
1367,Fe3N,0.0
1368,Fe3Si,0.0
1369,Fe4H15(IO8)3,2.3
1370,Fe4O7F,0.0
1371,Fe4Si2Sn7O16,0.0
1372,Fe6O7F5,0.0
1373,Fe6W6C,0.0
1374,Fe9Co7,0.0
1375,FeAg3(CN)6,0.0
1376,FeAgSe2,0.23
1377,FeAs2O7,0.0
1378,FeAsSe,0.6
1379,FeBi(SeO3)3,2.54
1380,FeBi25O39,2.8
1381,FeCo2Si,0.0
1382,FeCoAs,0.0
1383,FeCuSe2,0.15
1384,FeCuTe2,0.16
1385,FeI2,5.15
1386,FeOF,0.0
1387,FeP,0.0
1388,FeP4,0.32
1389,FePS,0.25
1390,FePd3,0.0
1391,FeRhO3,0.0
1392,FeSn,0.0
1393,Ga1As0.1P0.9,1.22
1394,Ga0.001Te1Pb0.999,0.3
1395,Ga0.005Te1Pb0.995,0.37
1396,Ga0.01Te1Pb0.99,0.42
1397,Ga0.04Te1Pb0.96,0.37
1398,Ga0.07Te1Pb0.93,0.34
1399,Ga0.95Hg0.05Sb0.95Te0.05,0.69
1400,Ga0.99Hg0.01Sb0.99Te0.01,0.72
1401,Ga0.9Hg0.1Sb0.9Te0.1,0.65
1402,Ga1.001Sb0.999Se0.003,0.71
1403,Ga1.001Sb0.999Te0.003,0.72
1404,Ga1.002Sb0.998Se0.006,0.7
1405,Ga1.002Sb0.998Te0.006,0.7
1406,Ga1.005Sb0.995Se0.015,0.64
1407,Ga1.005Sb0.995Te0.015,0.68
1408,Ga1.01Cu0.99Se2.01,1.59
1409,Ga1.01Sb0.99Se0.03,0.62
1410,Ga1.01Sb0.99Te0.03,0.68
1411,Ga1.02Sb0.98Se0.06,0.63
1412,Ga1.02Sb0.98Te0.06,0.68
1413,Ga1.05Sb0.95Se0.15,0.66
1414,Ga1.05Sb0.95Te0.15,0.68
1415,Ga1.1Cu0.9Se2.1,1.59
1416,Ga1.1Sb0.9Se0.3,0.67
1417,Ga1.1Sb0.9Te0.3,0.7
1418,Ga1.2Cu0.8Se2.2,1.58
1419,Ga1.5Cu0.5S2.5,2.43
1420,Ga1.5Cu0.5Se2.5,1.76
1421,Ga1.65Cu0.35S2.65,2.53
1422,Ga1.65Cu0.35Se2.65,1.81
1423,Ga1.6Cu0.4S2.6,2.45
1424,Ga1.7Cu0.3S2.7,2.55
1425,Ga1.85Cu0.15Se2.85,1.92
1426,Ga1.8Cu0.2S2.8,2.65
1427,Ga1.8Cu0.2Se2.8,1.86
1428,Ga1.95Cu0.05S2.95,2.64
1429,Ga1.95Cu0.05Se2.95,1.96
1430,Ga1.99Cu0.01Se2.99,1.99
1431,Ga1.9Cu0.1S2.9,2.6
1432,Ga1As0.01P0.99,2.23
1433,Ga1As0.2P0.8,2.2
1434,Ga1As0.3P0.7,2.16
1435,Ga1As0.4P0.6,2.1
1436,Ga1As0.5P0.5,2.0
1437,Ga1As0.6P0.4,1.91
1438,Ga1As0.7P0.3,1.8
1439,Ga1As0.8P0.2,1.62
1440,Ga1As0.99P0.01,1.37
1441,Ga1As0.9P0.1,1.5
1442,Ga1Sb0.01As0.99,0.7
1443,Ga1Sb0.14As0.86,0.66
1444,Ga1Sb0.25As0.75,0.65
1445,Ga1Sb0.35As0.65,0.68
1446,Ga1Sb0.3As0.7,0.67
1447,Ga1Sb0.85As0.15,1.1
1448,Ga1Sb0.8As0.2,1.02
1449,Ga1Sb0.95As0.05,1.28
1450,Ga1Sb0.99As0.01,1.37
1451,Ga2(TeO3)3,4.14
1452,Ga2Cu1S3.5,2.42
1453,Ga2CuSe4,0.63
1454,Ga2GePbSe6,1.96
1455,Ga2GeTe3,0.84
1456,Ga2HgS4,2.79
1457,Ga2HgSe4,1.95
1458,Ga2NiS4,0.0
1459,Ga2PbS4,2.38
1460,Ga2PbSe4,1.83
1461,Ga2S3,2.8
1462,Ga2Se2O7,4.61
1463,Ga2Si(AgS3)2,2.35
1464,Ga2SiPbSe6,2.17
1465,Ga2SnGeS6,2.04
1466,Ga3CuTe5,1.09
1467,Ga3Pt2,0.0
1468,Ga3SiAg3Se8,2.3
1469,Ga4Cu2Te7,1.08
1470,Ga4PbS7,3.08
1471,Ga4SnS7,3.1
1472,Ga4SnSe7,2.55
1473,Ga5Ge(PbS3)4,2.35
1474,Ga5Ge(PbSe3)4,1.91
1475,Ga5Pd13,0.0
1476,Ga8Cu3Mo2,0.0
1477,Ga9Rh2,0.0
1478,GaAgGe3Se8,2.17
1479,GaAgGe5Se12,2.14
1480,GaAgGeS4,3.0
1481,GaAgO2,2.2
1482,GaAgTe2,1.1
1483,GaAs2W,0.0
1484,GaBi,0.1
1485,GaBi25O39,2.99
1486,GaCuGeSe4,1.38
1487,GaCuO2,1.47
1488,GaFe3,0.0
1489,GaFeNi2,0.0
1490,GaGeTe,1.1
1491,GaHSeO4,5.51
1492,GaP,2.74
1493,GaSiAgSe4,2.63
1494,GaSiRu2,0.0
1495,GaTc,1.42
1496,GaTc2W,0.0
1497,Gd(CuS)3,1.62
1498,Gd(CuSe)3,0.14
1499,Gd(CuTe)3,0.52
1500,Gd(InS2)3,1.13
1501,Gd(NiGe)2,0.0
1502,Gd(SiRu)2,0.0
1503,Gd1.05Sc0.95Se3,1.2
1504,Gd1.47Mn2.04In0.49S5,1.75
1505,Gd1.87Lu2.13Se6,1.56
1506,Gd1Mn1.95In1.05S5,1.66
1507,Gd2(Zn2Ge)3,0.0
1508,Gd2AlCo2,0.0
1509,Gd2Mn4S7,1.44
1510,Gd2O3,5.3
1511,Gd2S3,2.55
1512,Gd2Se3,2.2
1513,Gd2Te3,0.74
1514,Gd2Zn17,0.0
1515,Gd2ZrS5,1.88
1516,Gd3(AlNi3)2,0.0
1517,Gd3.04Sc0.96S6,1.5
1518,Gd3Al0.74Si0.7S7,2.34
1519,Gd3Al7Ag2,0.0
1520,Gd3Co11B4,0.0
1521,Gd3ReO7,0.0
1522,Gd3S4,0.0
1523,Gd4GaSbS9,2.41
1524,Gd6Ge2.5S14,2.2
1525,Gd6Ta4Al43,0.0
1526,GdAs,0.63
1527,GdB(SbO4)2,3.48
1528,GdB6,3.6
1529,GdB66,1.27
1530,GdCd2,0.0
1531,GdCd4B3O10,3.8
1532,GdGeRu,0.0
1533,GdH2NO5,4.84
1534,GdInIr,0.0
1535,GdN,1.54
1536,GdNiO3,0.0
1537,GdO2,0.0
1538,GdPbAu,0.0
1539,GdSb,0.0
1540,GdSbPd,0.0
1541,GdScS3,2.1
1542,GdSe2,0.0
1543,GdTe,1.3
1544,GdZn,0.0
1545,GdZnIn,0.0
1546,Ge(Bi3O5)4,3.25
1547,Ge(SeO3)2,5.27
1548,Ge(WO3)6,0.0
1549,Ge0.01Pb0.99Se1,0.27
1550,Ge0.01Te0.01Pb0.99Se0.99,0.23
1551,Ge0.01Te0.99Pb0.99S0.01,0.32
1552,Ge0.01Te1Pb0.99,0.32
1553,Ge0.02Te0.98Pb0.98S0.02,0.34
1554,Ge0.03Pb0.97Se0.97S0.03,0.28
1555,Ge0.05Pb0.95Se0.95S0.05,0.29
1556,Ge0.05Pb0.95Se1,0.28
1557,Ge0.05Te0.95Pb0.95S0.05,0.4
1558,Ge0.05Te1Pb0.95,0.34
1559,Ge0.06Te0.06Pb0.94Se0.94,0.28
1560,Ge0.15Pb0.85Se0.85S0.15,0.34
1561,Ge0.15Te0.15Pb0.85Se0.85,0.32
1562,Ge0.15Te1Pb0.85,0.36
1563,Ge0.1Pb0.9Se0.9S0.1,0.32
1564,Ge0.1Pb0.9Se1,0.3
1565,Ge0.1Te1Pb0.9,0.35
1566,Ge0.25Te1Pb0.75,0.44
1567,Ge0.2Pb0.8Se1,0.35
1568,Ge0.2Te0.2Pb0.8Se0.8,0.36
1569,Ge0.2Te1Pb0.8,0.4
1570,Ge0.39Te1Pb0.61,0.56
1571,Ge0.3Pb0.7Se1,0.4
1572,Ge0.3Te1Pb0.7,0.48
1573,Ge0.41Te1Pb0.59,0.49
1574,Ge0.4Te1Pb0.6,0.51
1575,Ge2Os,0.0
1576,Ge2Sb2Te5,0.5
1577,Ge3Bi3O10.5,3.3
1578,Ge3Sb,0.0
1579,Ge40Te5.3I8,0.8
1580,Ge5(Te4As)2,0.0
1581,GeAs3,0.0
1582,GeI2,1.5
1583,GeO2,5.54
1584,GeP,0.95
1585,GePb2(SeO3)4,4.1
1586,GePbS3,2.4
1587,GePt2,0.0
1588,GeRh,0.0
1589,GeTe2,0.3
1590,H2Se,0.0
1591,H7Se2NO6,4.81
1592,HPbI3,0.0
1593,Hf(CoSi)2,0.0
1594,Hf(CuP)2,0.0
1595,Hf(VGa2)2,0.0
1596,Hf(VH2)2,0.0
1597,Hf2Al3C4,0.0
1598,Hf2Co4P3,0.0
1599,Hf2Fe,0.0
1600,Hf2Ge,0.0
1601,Hf2Hg,0.0
1602,Hf2MnIr,0.0
1603,Hf2Ni,0.0
1604,Hf2OsPd,0.0
1605,Hf2ReRh,0.0
1606,Hf2S,0.0
1607,Hf2Si,0.0
1608,Hf2Tl,0.0
1609,Hf3(CuSi)4,0.0
1610,Hf3(NiGe)4,0.0
1611,Hf3P,0.0
1612,Hf3P3Pd4,0.0
1613,Hf3Sb,0.0
1614,Hf3Zn3N,0.0
1615,Hf4Al3,0.0
1616,Hf4Co4Si7,0.0
1617,Hf54Os17,0.0
1618,Hf5CuPb3,0.0
1619,Hf5Pb,0.0
1620,Hf5Sb3,0.0
1621,Hf5Sb9,0.0
1622,Hf5Si4,0.0
1623,Hf5Sn3,0.0
1624,Hf5Sn4,0.0
1625,Hf5Te4,0.0
1626,Hf6PbO18,0.0
1627,Hf7P4,0.0
1628,HfAlPd2,0.0
1629,HfAs2,0.0
1630,HfAsRh,0.0
1631,HfB,0.0
1632,HfB4Ir3,0.0
1633,HfC,0.0
1634,HfCo3B2,0.0
1635,HfFe2,0.0
1636,HfGaCo2,0.0
1637,HfHg4(AsCl3)2,2.47
1638,HfHg4(PCl3)2,3.26
1639,HfInCu2,0.0
1640,HfNi5,0.0
1641,HfO2,5.55
1642,HfOs2,0.0
1643,HfPt,0.0
1644,HfS2,2.9
1645,HfSe2,2.2
1646,HfSi,0.0
1647,HfSiPt,0.0
1648,HfTc,0.0
1649,HfTiF6,0.0
1650,HfTl3,0.0
1651,HfVSi,0.0
1652,HfZnNi2,0.0
1653,Hg2Rh,0.0
1654,Hg2Sb2O7,0.0
1655,Hg3As,0.0
1656,Hg3Bi2(SCl4)2,3.26
1657,Hg3Bi2(TeCl4)2,2.8
1658,Hg3C,0.0
1659,Hg3PS3,1.98
1660,Hg3PS4,2.03
1661,Hg3Sb,0.0
1662,Hg5AsS2I3,1.57
1663,Hg7.5As4Cl6,1.73
1664,Hg8Bi3As4Cl13,2.43
1665,HgBr,2.6
1666,HgBr2,3.59
1667,HgBrCl,3.4
1668,HgCl2,4.45
1669,HgI,2.37
1670,HgIrO3,0.0
1671,HgOsPb2,0.0
1672,HgPS3,2.6
1673,HgPt,0.0
1674,HgPt3,0.0
1675,HgRhO3,0.0
1676,HgS,2.1
1677,HgTe,0.15
1678,HgTeBr,2.06
1679,HgTeI,1.85
1680,Ho(BC)2,0.0
1681,Ho(BiO3)2,0.0
1682,Ho(CuO2)2,0.0
1683,Ho(CuSe)3,0.16
1684,Ho(CuTe)3,0.26
1685,Ho(InS2)3,1.23
1686,Ho(MnSn)6,0.0
1687,Ho(NiB)2,0.0
1688,Ho(SbO3)2,0.0
1689,Ho(SiOs)2,0.0
1690,Ho(SiPd)2,0.0
1691,Ho(SiPt)2,0.0
1692,Ho(SiRu)2,0.0
1693,Ho10Si17,0.0
1694,Ho2Au,0.0
1695,Ho2B4C,0.0
1696,Ho2Co17,0.0
1697,Ho2CuRh,0.0
1698,Ho2Ge5Rh3,0.0
1699,Ho2GeS5,2.5
1700,Ho2HfS5,1.0
1701,Ho2O3,5.42
1702,Ho2Pd2Pb,0.0
1703,Ho2S3,0.5
1704,Ho3AlC,0.0
1705,Ho3GaC,0.0
1706,Ho3Ge5,0.0
1707,Ho3Hg,0.0
1708,Ho3Ni19B10,0.0
1709,Ho3P,0.0
1710,Ho3Pd2,0.0
1711,Ho4C7,0.0
1712,Ho4Ga16Co3,0.0
1713,Ho5(Ge5Rh2)2,0.0
1714,Ho5Si4,0.0
1715,HoAlAu2,0.0
1716,HoAlB14,0.0
1717,HoB2Rh3,0.0
1718,HoB4,0.0
1719,HoC2,0.0
1720,HoCd,0.0
1721,HoCd3,0.0
1722,HoCdCu4,0.0
1723,HoCo3,0.0
1724,HoCu4Pd,0.0
1725,HoGe,0.0
1726,HoGeAu,0.0
1727,HoInAu2,0.0
1728,HoInPt,0.0
1729,HoMg2,0.0
1730,HoMgAu2,0.0
1731,HoMgZn2,0.0
1732,HoMn12,0.0
1733,HoNiGe,0.0
1734,HoSb2,0.0
1735,HoSi,0.0
1736,HoSiRu2C,0.0
1737,HoTh3,0.0
1738,HoTiGe,0.0
1739,HoTiO3,0.0
1740,HoTiSi,0.0
1741,HoTlPd,0.0
1742,HoZnRh,0.0
1743,HoZnRh2,0.0
1744,ICl2,0.0
1745,In(MoSe)3,0.0
1746,In(PSe2)2,1.29
1747,In0.001Te1Pb0.999,0.3
1748,In0.005Te1Pb0.995,0.43
1749,In0.01Ga0.99As0.99P0.01,1.43
1750,In0.01Ga0.99As1,1.4
1751,In0.01Te1Pb0.99,0.53
1752,In0.04Te1Pb0.96,0.37
1753,In0.07Te1Pb0.93,0.32
1754,In0.1Ga0.9As0.1P0.9,2.25
1755,In0.1Ga0.9As0.9P0.1,1.6
1756,In0.2Ga0.8As0.2P0.8,2.15
1757,In0.2Ga0.8As0.8P0.2,1.58
1758,In0.2Ga0.8As1,1.07
1759,In0.3Ga0.7As0.3P0.7,2.05
1760,In0.3Ga0.7As0.7P0.3,1.67
1761,In0.3Ga0.7As1,1.0
1762,In0.3Ga0.7P1,2.2
1763,In0.4Ga0.6As0.4P0.6,1.85
1764,In0.4Ga0.6As0.6P0.4,1.74
1765,In0.4Ga0.6As1,0.81
1766,In0.4Ga0.6P1,2.05
1767,In0.4Ga1.6Cu1S3.5,2.15
1768,In0.5Ga0.5As1,0.75
1769,In0.5Ga0.5P1,1.9
1770,In0.6Ga0.4As0.6P0.4,1.25
1771,In0.72Ga0.28As1,0.55
1772,In0.7Ga0.3As0.3P0.7,1.58
1773,In0.8Ga0.2As0.2P0.8,1.4
1774,In0.8Ga0.2As0.8P0.2,0.85
1775,In0.8Ga0.2As1,0.5
1776,In0.99Ga0.01As0.01P0.99,1.3
1777,In0.99Ga0.01As0.99P0.01,0.3
1778,In0.9Ga0.1As0.1P0.9,1.32
1779,In0.9Ga0.1As0.9P0.1,0.45
1780,In1.01Cu0.99Se2.01,1.08
1781,In1.05Cu0.95Se2.05,1.07
1782,In1.1Cu0.9Se2.1,1.06
1783,In1.3Cu0.7Se2.3,1.1
1784,In1.5Cu0.5Se2.5,1.24
1785,In1.65Cu0.35Se2.65,1.19
1786,In1.6Cu0.4Se2.6,1.32
1787,In1.6Ga0.4Cu1S3.5,1.55
1788,In1.7Cu0.3Se2.7,1.21
1789,In1.85Cu0.15Se2.85,1.32
1790,In1.8Cu0.2Se2.8,1.26
1791,In1.99Cu0.01Se2.99,1.45
1792,In1.9Cu0.1Se2.9,1.45
1793,In11.3Bi14.7S38,1.45
1794,In11Cu9Se20,0.0
1795,In1Ag1.75Sb5.75Se11,0.94
1796,In1Ga1Cu1S3.5,1.84
1797,In1Hg4As2.5Br3.5,1.71
1798,In1Sb0.01As0.99,0.17
1799,In1Sb0.1As0.9,0.14
1800,In1Sb0.2As0.8,0.12
1801,In1Sb0.3As0.7,0.11
1802,In1Sb0.4As0.6,0.1
1803,In1Sb0.5As0.5,0.1
1804,In1Sb0.6As0.4,0.13
1805,In1Sb0.7As0.3,0.16
1806,In1Sb0.8As0.2,0.21
1807,In1Sb0.99As0.01,0.35
1808,In1Sb0.9As0.1,0.27
1809,In2As2Cl2O5,4.62
1810,In2B(PO4)3,5.39
1811,In2Bi3Se7I,1.38
1812,In2Co,0.0
1813,In2Cu1S3.5,1.43
1814,In2FeSe4,1.15
1815,In2GeTe3,0.68
1816,In2Hg6(P2Cl3)3,3.13
1817,In2HgS4,2.0
1818,In2HgSe4,0.6
1819,In2O3,2.8
1820,In2Pt,0.0
1821,In2S3,2.0
1822,In2Se2O7,2.97
1823,In2Te,0.46
1824,In3AgTe5,0.68
1825,In3Au10,0.0
1826,In3Bi7(Pb2S9)2,0.0
1827,In3CuS5,1.2
1828,In3CuSe5,0.6
1829,In3Pd5,0.0
1830,In3Sb,0.0
1831,In4As5(BrO4)3,4.22
1832,In4Bi3S10,1.42
1833,In4Cu2Te7,1.1
1834,In4S5,0.9
1835,In4Se3,0.64
1836,In5AgS8,1.76
1837,In5AgTe8,0.47
1838,In5CuS8,1.34
1839,In5Se6,0.14
1840,In9AgTe14,1.5
1841,InAg3,0.0
1842,InAgO2,4.2
1843,InAgTe2,0.93
1844,InAsI,0.41
1845,InAu3,0.0
1846,InBi2S4Br,1.5
1847,InBi2S4Cl,1.5
1848,InBi2Se4Br,1.21
1849,InCuGeSe4,1.3
1850,InCuS2,1.5
1851,InFe2CuSe4,0.0
1852,InHg7S6Cl5,2.54
1853,InHgW2,0.0
1854,InPS4,3.12
1855,InPt,0.0
1856,InPt3C,0.0
1857,InSb2S4Br,1.8
1858,InSb2S4Cl,1.8
1859,InSb2Se4Br,1.35
1860,InSiIr,0.0
1861,InSiTe3,0.0
1862,InSn2As2Se,0.2
1863,InSnAsSe,0.26
1864,Ir0.67S2,2.0
1865,Ir0.67Se2,0.45
1866,IrPb,0.0
1867,IrS2,0.9
1868,IrSe2,0.9
1869,IrSeS,1.2
1870,K(CoSe)2,0.0
1871,K(FeAs)2,0.0
1872,K(GeSe2)2,1.8
1873,K(OsO3)2,0.0
1874,K0.8Sn2Hg1.2S8,2.78
1875,K1.25Bi7.25Pb3.5Se15,0.53
1876,K1.46Sn3.09Bi7.45Se15,0.39
1877,K1.83Cd1.83Bi2.17S6,1.37
1878,K10Fe4Sn4S17,2.2
1879,K10Mn4Sn4S17,2.3
1880,K10Sn3(PSe3)8,1.82
1881,K10Zn4Ge4S17,3.34
1882,K11Mn4O16,0.0
1883,K2.15Sb8.15Pb1.7Se15,0.6
1884,K2Ag3Sb3S7,2.2
1885,K2AgSnSe4,1.8
1886,K2Al2B2O7,6.89
1887,K2Au(IO3)5,2.65
1888,K2B10H9O,0.0
1889,K2BaNb2S11,1.77
1890,K2Cd(PSe3)2,2.58
1891,K2Cd2Te3,1.93
1892,K2Cd3S4,2.75
1893,K2Cd3Se4,2.36
1894,K2Cd3Te4,2.26
1895,K2Ce(PO4)2,2.46
1896,K2Dy2Ti3O10,3.38
1897,K2FeGe3Se8,1.95
1898,K2Ga3CuSe6,1.72
1899,K2Gd2Sb2Se9,1.33
1900,K2Gd2Ti3O10,3.3
1901,K2Ge2PbS6,2.85
1902,K2Ge3(BO5)2,5.38
1903,K2Hg(PSe3)2,2.25
1904,K2Hg3(GeS4)2,2.64
1905,K2Hg3Se1.31S2.69,2.28
1906,K2Hg3Se2.97S1.03,2.11
1907,K2Ho4Cu4S9,2.43
1908,K2In2P3Se10,2.2
1909,K2In3AgSe6,1.64
1910,K2In3CuSe6,1.68
1911,K2La2Sb2S9,2.2
1912,K2La2Ti3O10,3.05
1913,K2Mn(SnSe3)2,2.0
1914,K2Mn3S4,0.0
1915,K2MnSnSe4,1.7
1916,K2Mo2Se2O11,3.3
1917,K2NbCuS4,2.82
1918,K2NbCuSe4,2.14
1919,K2NbO6,0.0
1920,K2Nd2Ti3O10,3.25
1921,K2PAuS4,2.63
1922,K2PdSe10,1.48
1923,K2RbSb,1.2
1924,K2ReH9,5.71
1925,K2RuCl6,0.0
1926,K2S,2.1
1927,K2Sb8Se3,1.31
1928,K2Se,1.8
1929,K2Sm2Ti3O10,3.26
1930,K2SmP2S7,2.59
1931,K2Sn(AuS2)2,2.75
1932,K2Sn3(SbS5)2,2.3
1933,K2Ta15O32,0.33
1934,K2Te,1.9
1935,K2TeI6,1.38
1936,K2Th(CuS2)2,2.17
1937,K2Ti(CuS2)2,2.04
1938,K2VAgS4,1.85
1939,K2VCuS4,1.82
1940,K2Zn(SnSe3)2,1.71
1941,K2ZnTe2,3.0
1942,K3(FeS2)2,0.0
1943,K3B6ClO10,6.89
1944,K3Bi2I9,2.1
1945,K3Cd(BO2)5,3.47
1946,K3Cr2(PS4)3,1.35
1947,K3Ga3Ge7S20,3.25
1948,K3Ga3Ge7Se20,2.23
1949,K3Hg,0.0
1950,K3LiNb6O15,0.0
1951,K3NaSn3Se8,2.2
1952,K3Nb2AsSe11,1.53
1953,K3Sm(AsS4)2,2.2
1954,K3Sn,0.0
1955,K3Ta2AsS11,2.21
1956,K3Ta2AsSe11,1.45
1957,K3Th2Cu3S7,2.49
1958,K3Ti2P5S18,1.61
1959,K3UF3,0.0
1960,K3V,0.0
1961,K4(ZrSe5)3,1.81
1962,K4Ag9(SbS3)4,2.0
1963,K4Al4Si19,1.4
1964,K4C2O3,0.0
1965,K4Ce3Sn3S14,2.46
1966,K4Ga4Si19,1.18
1967,K4Ge(PSe3)4,2.0
1968,K4GeS4,0.8
1969,K4GeSe4,0.64
1970,K4Hf3Se14,2.02
1971,K5In3P6Se19,2.2
1972,K6Cd4Sn3Se13,2.33
1973,K6CdTe4,2.51
1974,K6Ta1.03Nb2.97S25,2.01
1975,K6Ta2.93Nb1.07S22,1.88
1976,K6Yb3(PS4)5,2.6
1977,K8Ce2I18O53,2.34
1978,K8N3O,0.0
1979,K9Bi13S24,1.4
1980,KAg2,0.0
1981,KAg2AsS3,2.25
1982,KAg2PS4,3.02
1983,KAg2SbS3,2.1
1984,KAg2SbS4,2.2
1985,KAgAsS2,2.21
1986,KAgF3,0.0
1987,KAgO,0.0
1988,KAlGeS4,3.5
1989,KAsSe2,1.62
1990,KAu(IO3)4,2.75
1991,KB5PbO9,3.1
1992,KBaAsSe3,2.26
1993,KBaB5O9,3.65
1994,KBaSbSe3,2.04
1995,KBi2,0.0
1996,KBi3S5,1.21
1997,KBiO3,0.0
1998,KBiS2,0.86
1999,KBiSe2,0.61
2000,KBr,7.6
2001,KC60,0.0
2002,KCd4Ga5Se12,2.16
2003,KCeSe4,1.54
2004,KCl,8.5
2005,KCoO2,0.0
2006,KCu2BiS3,1.29
2007,KCu3S2,1.46
2008,KCu4AsS4,1.9
2009,KCuPO4,0.0
2010,KCuSnS3,1.47
2011,KCuSnSe3,1.04
2012,KEuAsS4,1.89
2013,KEuS2,0.0
2014,KF,10.3
2015,KFe2BiO5,1.76
2016,KFeCuTe2,1.06
2017,KGaSe2,2.6
2018,KGaSnSe4,1.73
2019,KH(CN2)3,0.0
2020,KHg,0.0
2021,KHg11,0.0
2022,KHg2,0.0
2023,KIn(TeO3)2,4.0
2024,KInGeS4,3.1
2025,KInS2,3.0
2026,KInSe2,2.68
2027,KInSnS4,2.3
2028,KLi(WO3)3,0.0
2029,KLiCO3,6.32
2030,KLu,0.0
2031,KMo6S7,0.0
2032,KNb2O5,0.0
2033,KNb2Se,0.0
2034,KNb3(SeO6)2,3.46
2035,KNb3(TeO6)2,3.52
2036,KNbSe2O7,4.0
2037,KP(HO2)2,6.95
2038,KPAu5S8,2.14
2039,KPPbO4,4.44
2040,KPSe3,2.08
2041,KPSe6,2.16
2042,KRbBi8Se13,0.64
2043,KRuO4,0.0
2044,KSb,0.9
2045,KSb(SO4)2,4.64
2046,KSc(SeO3)2,5.4
2047,KScO3,0.0
2048,KSi2P3,1.72
2049,KSiBiS4,2.25
2050,KSm2CuS4,2.17
2051,KSnAuS3,2.3
2052,KSnAuSe3,2.28
2053,KTa3(TeO6)2,4.06
2054,KTa3CuO9,0.0
2055,KTaO3,3.5
2056,KTbSe4,1.65
2057,KTeP2,1.4
2058,KThCuS3,2.95
2059,KTi2F7,6.4
2060,KTi5Se8,0.0
2061,KTm,0.0
2062,KUClO3,2.37
2063,KUCuSe3,0.0
2064,KV2I3O13,2.3
2065,KV4Ag11O16,2.0
2066,KV6O11,0.0
2067,KY(TeO3)2,3.8
2068,KYb2F7,0.0
2069,KYbSe2,0.0
2070,KZn4(BO3)3,2.32
2071,KZrPSe6,2.0
2072,La(FeAs3)4,0.0
2073,La(In2Au)2,0.0
2074,La(InS2)3,1.03
2075,La(Ni2B)6,0.0
2076,La(PRu)2,0.0
2077,La(SiOs)2,0.0
2078,La(SiRu)2,0.0
2079,La1.86Tb1.14Ga1.67S7,2.67
2080,La10Mn9O30,0.0
2081,La10Se14O,2.04
2082,La10Si8O3,0.0
2083,La16Mn15O48,0.0
2084,La1Se0.14S1.86,2.5
2085,La2.1Bi5.9Pb2S14,1.0
2086,La20Cu9O40,0.0
2087,La20Mo12Cl4O63,2.4
2088,La2B4Rh5,0.0
2089,La2CuO4,0.0
2090,La2Fe(SeO)2,0.7
2091,La2Fe2I,0.0
2092,La2Ga0.33Sb1S5,1.76
2093,La2Ga2GeS8,2.78
2094,La2Ge2Se7,1.08
2095,La2Ge5Ir3,0.0
2096,La2Ge5Rh3,0.0
2097,La2GeSe5,1.24
2098,La2HfS5,0.7
2099,La2In,0.0
2100,La2Mn(SeO)2,1.6
2101,La2Nb2N2O5,0.0
2102,La2Ni5B4,0.0
2103,La2O3,5.4
2104,La2PC,0.0
2105,La2PI2,0.0
2106,La2PdO4,0.0
2107,La2Pr2O7,0.0
2108,La2Rh7,0.0
2109,La2S3,2.77
2110,La2Si5Rh3,0.0
2111,La2Sn5Rh3,0.0
2112,La2TiCoO6,1.02
2113,La2V2IO9,3.63
2114,La2VCoO6,0.41
2115,La2VNiO6,0.45
2116,La2YbCuS5,1.45
2117,La2YbCuSe5,1.15
2118,La2Zn(SeO)2,3.4
2119,La2ZrS5,2.01
2120,La3(BN2)2,0.0
2121,La3(OsO5)2,0.0
2122,La3(ReO5)2,0.0
2123,La3AlN,0.0
2124,La3CuGeSe7,2.0
2125,La3Ga1Ge0.5S7,2.54
2126,La3GaCuSe7,1.36
2127,La3Ge3Br2,0.0
2128,La3In1Ge0.5S7,2.61
2129,La3LuSe6,1.26
2130,La3Mg0.5Sn1S14,1.71
2131,La3Mo4O16F,3.7
2132,La3NiBr3,0.0
2133,La3Si1Sb0.33S7,1.92
2134,La3Si1Sb0.33Se7,1.75
2135,La3Te4,0.43
2136,La3ZrSb5,0.0
2137,La4Cd4In2S13,2.27
2138,La4Co3O10,0.0
2139,La4Fe(SbS5)2,1.0
2140,La4Fe(SbSe5)2,0.85
2141,La4In5S13,0.0
2142,La4InSbS9,2.07
2143,La4InSbSe9,1.76
2144,La5Cu6.33S7O4,2.0
2145,La5In3(S3O)3,2.6
2146,La5SmS8,0.0
2147,La5YbS8,0.0
2148,La6Sb4(SO4)3,2.6
2149,La8Mn7O24,0.0
2150,La8Sb2S15,2.3
2151,LaAl12O19,0.0
2152,LaAl4,0.0
2153,LaAl4Co,0.0
2154,LaB6,4.1
2155,LaBPt3,0.0
2156,LaBeB3O7,5.65
2157,LaBiAu2,0.0
2158,LaCd2,0.0
2159,LaCdAg2,0.0
2160,LaCdAu,0.0
2161,LaCu6,0.0
2162,LaCuSO,3.1
2163,LaCuSeO,2.83
2164,LaCuTeO,2.31
2165,LaF3,6.6
2166,LaGa,0.0
2167,LaGa3Pd2,0.0
2168,LaGaO3,4.4
2169,LaGaS3,2.5
2170,LaGeI,0.0
2171,LaH2,0.0
2172,LaH2NO5,4.76
2173,LaHg,0.0
2174,LaIn,0.0
2175,LaIn2Ir,0.0
2176,LaIn5Ir,0.0
2177,LaInS2O,2.73
2178,LaMg(FeO3)2,0.0
2179,LaMg2H7Pd,1.0
2180,LaMg3,0.0
2181,LaNbN2O,1.7
2182,LaP,0.54
2183,LaP3,0.0
2184,LaPd3S4,0.0
2185,LaPt5,0.0
2186,LaRe2Ag,0.0
2187,LaReB,0.0
2188,LaSb,0.8
2189,LaScSi,0.0
2190,LaSi,0.0
2191,LaSi2,0.19
2192,LaSi2Ru,0.0
2193,LaSn3Ru,0.0
2194,LaTaN2O,2.0
2195,LaTb3,0.0
2196,LaV,0.0
2197,LaVI5O16,3.58
2198,LaYbZn2,0.0
2199,LaZnAsO,1.5
2200,LaZnAu2,0.0
2201,Li(CuO)3,0.0
2202,Li(NiO2)4,0.0
2203,Li0.33Ag1Sn0.67O2,2.7
2204,Li0.33Ti0.67Ag1O2,2.7
2205,Li0.5Ge1Pb1.75S4,1.95
2206,Li11Mn13O32,0.0
2207,Li12Fe5O16,0.0
2208,Li13Nb14ZnO42,0.0
2209,Li13Ti22O48,0.0
2210,Li14Ti21O48,0.0
2211,Li15(FeO4)4,0.0
2212,Li15Mn2O12,0.0
2213,Li17Nb20O60,0.0
2214,Li17Ti20O40,0.0
2215,Li2(FeO2)5,0.0
2216,Li2(LuGe)3,0.0
2217,Li2(NiO2)3,0.0
2218,Li23(MnAs)20,0.0
2219,Li2B4O7,7.3
2220,Li2CdGe,0.99
2221,Li2CdGeS4,3.1
2222,Li2CdSnS4,3.26
2223,Li2Co4O7F,0.0
2224,Li2CrCo3O8,0.0
2225,Li2CrCuO4,0.0
2226,Li2Cu2S3,0.0
2227,Li2CuF6,0.0
2228,Li2DyIn,0.0
2229,Li2EuSn,0.0
2230,Li2Fe2(PO4)3,0.0
2231,Li2Fe3CoO8,0.0
2232,Li2Fe3NiO8,0.0
2233,Li2Fe3SnO8,0.0
2234,Li2FeGeS4,1.42
2235,Li2FeSnS4,1.86
2236,Li2FeWO6,0.0
2237,Li2Ga,0.0
2238,Li2Ga(GeSe3)2,2.64
2239,Li2Ga2GeS6,3.65
2240,Li2GaPd,0.0
2241,Li2HgGe,0.93
2242,Li2HgGeS4,2.46
2243,Li2In2GeS6,3.45
2244,Li2In2GeSe6,2.3
2245,Li2In2SiS6,3.61
2246,Li2In2SiSe6,2.54
2247,Li2InAg,0.0
2248,Li2LaTl,0.0
2249,Li2MgHg,0.0
2250,Li2MgIn,0.0
2251,Li2MgSn,0.0
2252,Li2MnCo3O8,0.0
2253,Li2MnCu3O8,0.0
2254,Li2MnGeS4,3.06
2255,Li2MnNi3O8,0.0
2256,Li2MnO2F,0.0
2257,Li2Mo2Se2O11,3.3
2258,Li2Nb2(PO4)3,0.0
2259,Li2NdAs2,0.0
2260,Li2NdSb2,0.0
2261,Li2Ni2SbO6,0.0
2262,Li2Ni3TeO8,0.0
2263,Li2Ni5(PO4)4,0.0
2264,Li2PmAl,0.0
2265,Li2PmGe,0.0
2266,Li2PrIn,0.0
2267,Li2PrP2,0.0
2268,Li2PtO3,2.3
2269,Li2Si4Ni5O14,0.0
2270,Li2SiHgS4,2.68
2271,Li2Sn5,0.0
2272,Li2SnHgS4,2.32
2273,Li2SnIr,0.0
2274,Li2TeMoO6,3.5
2275,Li2TeWO6,4.0
2276,Li2Ti3FeO8,0.0
2277,Li2TiMn3O8,0.0
2278,Li2TlAg,0.0
2279,Li2U(MoO5)2,0.0
2280,Li2V2F7,0.0
2281,Li2V3CrO8,0.0
2282,Li2V3FeO8,0.0
2283,Li2YbPb,0.0
2284,Li2ZnGe,1.1
2285,Li2ZnGeSe4,1.86
2286,Li2ZnSnS4,2.87
2287,Li2ZnSnSe4,1.87
2288,Li3(CoO2)4,0.0
2289,Li3(CuO)4,0.0
2290,Li3(CuO2)2,0.0
2291,Li3AlP2,2.75
2292,Li3AlTe4O11,3.63
2293,Li3Bi,0.7
2294,Li3C,0.0
2295,Li3Co(NiO2)4,0.0
2296,Li3Co2(GeO4)3,0.0
2297,Li3Co3SbO8,0.0
2298,Li3Co4TeO8,0.0
2299,Li3Cr(NiO2)4,0.0
2300,Li3Cr3(CuO6)2,0.0
2301,Li3CrCo3O8,0.0
2302,Li3CrO4,0.0
2303,Li3Cu4NiO8,0.0
2304,Li3Dy,0.0
2305,Li3Fe(CoO2)4,0.0
2306,Li3Fe(SbO3)4,0.0
2307,Li3Fe2SbO6,0.0
2308,Li3FeNi3O8,0.0
2309,Li3FeS3,0.0
2310,Li3FeTe4O11,1.98
2311,Li3GaTe4O11,3.85
2312,Li3Mn(CuO3)2,0.0
2313,Li3Mn(NiO3)2,0.0
2314,Li3Mn2(CoO4)2,0.0
2315,Li3Mn2(PO4)3,0.0
2316,Li3Mn2CuO6,0.0
2317,Li3Mn3NiO8,0.0
2318,Li3Mn3WO8,0.0
2319,Li3Mn4(PO4)6,0.0
2320,Li3Mn4O8,0.0
2321,Li3MnAs2,0.0
2322,Li3Mo2P5O18,0.0
2323,Li3Ni(SbO3)4,0.0
2324,Li3Ni2(GeO4)3,0.0
2325,Li3Ni3(PO4)4,0.0
2326,Li3PS4,3.68
2327,Li3ScN2,2.9
2328,Li3Si3Ag2,0.0
2329,Li3Ti2(PO4)3,0.0
2330,Li3Ti3(PO4)4,0.0
2331,Li3V12O29,0.0
2332,Li3V4FeO12,0.0
2333,Li3V4NiO12,0.0
2334,Li3VOF5,0.0
2335,Li4(FeO2)9,0.0
2336,Li4.5Al0.5Te1O6,4.9
2337,Li4.5Cr0.5Te1O6,1.79
2338,Li4.5Fe0.5Te1O6,3.25
2339,Li4.5Ga0.5Te1O6,4.99
2340,Li4.5Mn0.5Te1O6,1.97
2341,Li4Co2Ni3O10,0.0
2342,Li4Co3CuO8,0.0
2343,Li4Co5SbO12,0.0
2344,Li4Cr3NiO8,0.0
2345,Li4CrO5,0.0
2346,Li4Cu(PO4)2,0.0
2347,Li4Fe2Cu3O10,0.0
2348,Li4Fe3NiO8,0.0
2349,Li4Fe7(OF7)2,0.0
2350,Li4FeNi3O8,0.0
2351,Li4HgGe2S7,2.75
2352,Li4MgNi3O8,0.0
2353,Li4Mn(WO4)3,0.0
2354,Li4Mn3Cr3O12,0.0
2355,Li4Mn5Cu3O16,0.0
2356,Li4Mn5Nb3O16,0.0
2357,Li4Mn5NbO12,0.0
2358,Li4Mn5Ni3O16,0.0
2359,Li4NbNi3O8,0.0
2360,Li4Ni2(PO4)3,0.0
2361,Li4Ni3BiO8,0.0
2362,Li4Ti5Cr3O16,0.0
2363,Li4TiCr3O8,0.0
2364,Li4V5Cu3O16,0.0
2365,Li4VF7,0.0
2366,Li4WO5,0.0
2367,Li5(BiO3)4,0.0
2368,Li5Co2Ni3O10,0.0
2369,Li5Co2O2F5,0.0
2370,Li5Cr2Ni5O12,0.0
2371,Li5Fe2Ni3O10,0.0
2372,Li5Fe6(BO3)6,0.0
2373,Li5La3Nb14O42,0.0
2374,Li5Mn2Cu5O12,0.0
2375,Li5Mn3(FeO5)2,0.0
2376,Li5Mn5(SbO6)2,0.0
2377,Li5Mn6(BO3)6,0.0
2378,Li6(NiO2)5,0.0
2379,Li6Fe3Co7O20,0.0
2380,Li6Fe9CoO20,0.0
2381,Li6FeNi9O20,0.0
2382,Li6FeO5F,0.0
2383,Li6FeO6,0.0
2384,Li6Mn5CoO12,0.0
2385,Li6Mn5FeO12,0.0
2386,Li6Tb2O7,0.0
2387,Li7(Mo3S4)4,0.0
2388,Li7(NiO2)11,0.0
2389,Li7Ca8Nb12O40,0.0
2390,Li7Ti16O32,0.0
2391,Li7Ti5O12,0.0
2392,Li7Ti7O16,0.0
2393,Li8BiS6,0.0
2394,Li8GeN4,2.61
2395,Li8IrO6,0.0
2396,Li8PO3,0.0
2397,Li8PrO6,0.0
2398,Li8Ti16CuS32,0.0
2399,Li8TiNi7O16,0.0
2400,Li9Fe3(WO4)7,0.0
2401,Li9Ga13(Te7O22)3,4.45
2402,LiAgF3,0.0
2403,LiAl2Rh,0.0
2404,LiAl2Tc,0.0
2405,LiAl3,0.0
2406,LiAlB4,0.0
2407,LiAlGe,0.0
2408,LiAlRh2,0.0
2409,LiAsS2,1.6
2410,LiB3,2.0
2411,LiB9PbO15,4.75
2412,LiBePt2,0.0
2413,LiBi2(PO4)3,0.0
2414,LiBi3(ClO2)2,3.35
2415,LiBiS2,0.11
2416,LiCa2Ga,0.0
2417,LiCa2Ge3,0.0
2418,LiCa2In,0.0
2419,LiCa2Mg,0.0
2420,LiCa3As2H,1.4
2421,LiCaO3,0.0
2422,LiCd2Rh,0.0
2423,LiCdBO3,4.28
2424,LiCl,9.33
2425,LiCo(CO3)2,0.0
2426,LiCo7O7F,0.0
2427,LiCoS2,0.0
2428,LiCu2(CO3)2,0.0
2429,LiCu2Ge,0.0
2430,LiCu3F7,0.0
2431,LiCu5P3O13,0.0
2432,LiCuO2,0.0
2433,LiCuPO4,0.0
2434,LiEr2Ga,0.0
2435,LiErAu2,0.0
2436,LiEuH3,1.5
2437,LiF,11.7
2438,LiFe2(PO4)3,0.0
2439,LiFe2(SiO4)2,0.0
2440,LiGa(GeSe3)2,2.64
2441,LiGaAg2,0.0
2442,LiGaAu2,0.0
2443,LiGaO2,5.6
2444,LiGaPd2,0.0
2445,LiGaPt2,0.0
2446,LiGaTe2,2.31
2447,LiGd5P2O13,3.73
2448,LiGeRh2,0.0
2449,LiH3(SeO3)2,4.9
2450,LiHf2Ir,0.0
2451,LiHfPd2,0.0
2452,LiHg2Pd,0.0
2453,LiHoAu2,0.0
2454,LiHoO3,0.0
2455,LiIn(IO3)4,4.27
2456,LiIn2Rh,0.0
2457,LiInAg2,0.0
2458,LiInS2,3.56
2459,LiInSe2,2.83
2460,LiInSn,0.0
2461,LiInSnS4,2.3
2462,LiInTe2,1.46
2463,LiLa2IrO6,0.0
2464,LiLu2Ga,0.0
2465,LiLu2Pd,0.0
2466,LiLu2Ru,0.0
2467,LiLu2Tc,0.0
2468,LiMg2Ag,0.0
2469,LiMgAs,0.7
2470,LiMgBi,0.4
2471,LiMgN,3.2
2472,LiMgSnPd,0.0
2473,LiMn(PO4)2,0.0
2474,LiMn2(PO4)2,0.0
2475,LiMn4O8,0.0
2476,LiMn9Se10,0.0
2477,LiMnCoO4,0.0
2478,LiMnCuO4,0.0
2479,LiMnO2,0.0
2480,LiMnP2O7,0.0
2481,LiMnSiO4,0.0
2482,LiMo3O8,0.0
2483,LiMoIO6,2.8
2484,LiNb3(BiO3)4,3.0
2485,LiNi2(PO4)3,0.0
2486,LiNiP2O7,0.0
2487,LiPm2Al,0.0
2488,LiPm2Ga,0.0
2489,LiPm2Ir,0.0
2490,LiPm2Si,0.0
2491,LiPr2Ru,0.0
2492,LiSb3PbS6,1.6
2493,LiSbS2,1.36
2494,LiSbSe2,0.68
2495,LiSbTe2,0.13
2496,LiScHg2,0.0
2497,LiSiB6,2.27
2498,LiSiPd2,0.0
2499,LiSiRh2,0.0
2500,LiSm3SiS7,2.83
2501,LiSn(PO3)4,0.0
2502,LiSn4Ir,0.0
2503,LiSnAu,0.0
2504,LiTa3(BiO3)4,3.5
2505,LiTaO3,4.1
2506,LiTaRh2,0.0
2507,LiThAu2,0.0
2508,LiTi11O20,0.0
2509,LiTi3O6,0.0
2510,LiTiSiO4,0.0
2511,LiTlPd2,0.0
2512,LiTm2Rh,0.0
2513,LiTm2Ru,0.0
2514,LiTmSn,0.0
2515,LiV2NiO6,0.0
2516,LiV3O4,0.0
2517,LiY(CuP)2,0.0
2518,LiY2Ru,0.0
2519,LiYbF4,0.0
2520,LiYbPb,0.0
2521,LiZn(Fe5O8)2,0.0
2522,LiZn2GaO4,4.0
2523,LiZnBO3,3.1
2524,LiZnN,1.91
2525,LiZr2Os,0.0
2526,LiZrRh2,0.0
2527,Lu(InS2)3,1.27
2528,Lu(SiOs)2,0.0
2529,Lu2AgAu,0.0
2530,Lu2Al3Co,0.0
2531,Lu2AlTc,0.0
2532,Lu2CdAg,0.0
2533,Lu2CdIn,0.0
2534,Lu2CrS4,1.75
2535,Lu2Fe2Si2C,0.0
2536,Lu2FeS4,0.0
2537,Lu2InHg,0.0
2538,Lu2MgHg,0.0
2539,Lu2Mn12P7,0.0
2540,Lu2Mo2C3,0.0
2541,Lu2O3,5.5
2542,Lu2TlAg,0.0
2543,Lu2TlCd,0.0
2544,Lu2TlCu3Se5,2.12
2545,Lu3BC3,0.0
2546,Lu3Ga,0.0
2547,Lu3InN,0.0
2548,Lu3TlC,0.0
2549,Lu4C7,0.0
2550,Lu5(Si5Ir2)2,0.0
2551,Lu5Si3B,0.0
2552,Lu7(NiTe)2,0.0
2553,Lu7(TePd)2,0.0
2554,LuAg2,0.0
2555,LuAl2Pd5,0.0
2556,LuAlAg2,0.0
2557,LuAu,0.0
2558,LuBPd3,0.0
2559,LuC2,0.0
2560,LuCd4B3O10,3.7
2561,LuCdAg2,0.0
2562,LuGaRh2,0.0
2563,LuGe2,0.0
2564,LuHfRu2,0.0
2565,LuIr,0.0
2566,LuIr2,0.0
2567,LuMnSi,0.0
2568,LuNiBC,0.0
2569,LuP,1.3
2570,LuPt3,0.0
2571,LuScRh2,0.0
2572,LuScRu2,0.0
2573,LuScZn2,0.0
2574,LuSi2Ni,0.0
2575,LuSiIr,0.0
2576,LuU2S3O2,0.0
2577,LuUO3,0.0
2578,Mg(As2Rh3)2,0.0
2579,Mg(CoS2)2,0.0
2580,Mg(FeO2)4,0.0
2581,Mg(FeS2)2,0.0
2582,Mg(SnO2)4,0.0
2583,Mg(TiS2)4,0.0
2584,Mg10B16Ir19,0.0
2585,Mg17Al11Pd,0.0
2586,Mg23Al30,0.0
2587,Mg2AgIr,0.0
2588,Mg2Co,0.66
2589,Mg2CrN2,0.0
2590,Mg2Cu,0.0
2591,Mg2CuWO6,0.0
2592,Mg2Ga,0.0
2593,Mg2Ge,1.67
2594,Mg2GeB2Rh5,0.0
2595,Mg2GeSe4,2.02
2596,Mg2MnN2,0.0
2597,Mg2PdAu,0.0
2598,Mg2RhAu,0.0
2599,Mg2Si,2.27
2600,Mg2SiPt,0.0
2601,Mg2TcO4,0.0
2602,Mg2TiIrO6,0.0
2603,Mg2V9O13,0.0
2604,Mg2Zr14O5,0.0
2605,Mg3(B25C4)2,2.7
2606,Mg3(MnAl9)2,0.0
2607,Mg3(Ni10B3)2,0.0
2608,Mg3(Ni10P3)2,0.0
2609,Mg32Al36Ag13,0.0
2610,Mg3Al9FeSi5,0.0
2611,Mg3AsN,1.33
2612,Mg3Bi2,0.0
2613,Mg3Ga7Co2,0.0
2614,Mg3Ge,0.0
2615,Mg3N2,2.8
2616,Mg3P2,1.4
2617,Mg3Rh,0.0
2618,Mg3Ru2,0.0
2619,Mg3Sb2,0.8
2620,Mg3Tl,0.0
2621,Mg4Sc3(SiO3)8,0.0
2622,Mg5As,0.0
2623,Mg5B3O9F,5.63
2624,Mg5Ti13O30,0.0
2625,Mg5Tl2,0.0
2626,Mg9CuO10,0.0
2627,MgAgAs,0.0
2628,MgCo2(PO5)2,0.0
2629,MgCr,0.0
2630,MgCu2GeS4,2.36
2631,MgCu2SiS4,3.2
2632,MgCuBi,0.0
2633,MgCuSb,0.0
2634,MgCuSn,0.0
2635,MgF2,11.1
2636,MgIn3,0.0
2637,MgInAg2,0.0
2638,MgInPd2,0.0
2639,MgMnO3,0.0
2640,MgMnRh2,0.0
2641,MgNiSb,0.0
2642,MgPb3,0.0
2643,MgPt5,0.0
2644,MgRh2Pb,0.0
2645,MgRhF6,0.0
2646,MgSbF6,0.0
2647,MgSbPt,0.0
2648,MgSc,0.0
2649,MgScAg2,0.0
2650,MgSi7Ir3,0.0
2651,MgSiN2,4.05
2652,MgSnRh2,0.0
2653,MgTe,3.6
2654,MgTi11O20,0.0
2655,MgTi4O6,0.0
2656,MgTl,0.0
2657,MgV4O6,0.0
2658,MgZn2,0.0
2659,Mn(BW)2,0.0
2660,Mn(CoO2)4,0.0
2661,Mn(PbO2)2,1.5
2662,Mn(SbO2)2,2.65
2663,Mn(SbO3)2,0.0
2664,Mn(SbSe2)2,0.31
2665,Mn0.05Te1Pb0.95,0.37
2666,Mn0.1Te1Pb0.9,0.49
2667,Mn15Si26,0.7
2668,Mn2AlB2,0.0
2669,Mn2AlO4,0.0
2670,Mn2CoAs,0.0
2671,Mn2CoGe,0.0
2672,Mn2Cu(PO4)3,0.0
2673,Mn2GaW,0.0
2674,Mn2GeS4,0.0
2675,Mn2Hg5,0.0
2676,Mn2Nb,0.0
2677,Mn2OF3,0.0
2678,Mn2P,0.0
2679,Mn2Tl2O7,0.0
2680,Mn2VSi,0.0
2681,Mn3(OF3)2,0.0
2682,Mn3Al10,0.0
2683,Mn3Cr3(CoO8)2,0.0
2684,Mn3Cr3(TeO8)2,0.0
2685,Mn3NbO8,0.0
2686,Mn3NiN,0.0
2687,Mn3PdN,0.0
2688,Mn3PtN,0.0
2689,Mn3SbO8,0.0
2690,Mn3V2(SiO4)3,0.0
2691,Mn5As4,0.0
2692,Mn5Ge2,0.0
2693,Mn5O3F5,0.0
2694,Mn5O7,0.0
2695,Mn7O7F,0.0
2696,MnAl3,0.58
2697,MnAlAu2,0.0
2698,MnAs,0.0
2699,MnBe2Co,0.0
2700,MnCdO2,0.0
2701,MnCoSi,0.0
2702,MnCu2Sn,0.0
2703,MnCu3,0.0
2704,MnF2,9.9
2705,MnFeAs,0.0
2706,MnFeCoGe,0.0
2707,MnGaNi2,0.0
2708,MnGaPt,0.0
2709,MnGePd,0.0
2710,MnGeRh2,0.0
2711,MnIn2PbS5,1.45
2712,MnInCu2,0.0
2713,MnNbO4,0.0
2714,MnNi,0.0
2715,MnNiP,0.0
2716,MnO,3.6
2717,MnO2,1.3
2718,MnP2,0.0
2719,MnP4,0.28
2720,MnPSe3,2.5
2721,MnS,0.0
2722,MnSb3(PO4)6,0.0
2723,MnSbPd,0.0
2724,MnSbRh2,0.0
2725,MnSe,2.5
2726,MnSi,0.6
2727,MnSiNi2,0.0
2728,MnSnRu2,0.0
2729,MnTcOs,0.0
2730,MnTe9,2.0
2731,MnTePd,0.0
2732,MnV(TeO4)2,1.9
2733,Mo2NCl8,0.0
2734,Mo3Pd2N,0.0
2735,Mo5As4,0.0
2736,Mo5O14,0.0
2737,MoSe2,1.6
2738,Na(GeP)3,2.06
2739,Na0.5Ge1Pb1.75S4,2.08
2740,Na0.5Ge1Pb1.75Se4,1.6
2741,Na0.75Eu1.625Ge1Se4,2.0
2742,Na10(Ga2Sn)3,0.0
2743,Na11Bi5O16,0.0
2744,Na11Ti20O40,0.0
2745,Na15Sn4,0.0
2746,Na19Zr11S30,0.0
2747,Na2B6O9F2,7.33
2748,Na2Be4B4O11,7.3
2749,Na2Cd(GeSe3)2,2.37
2750,Na2CdSnS4,2.52
2751,Na2Cl,0.0
2752,Na2Cr7O14,0.0
2753,Na2EuGeSe4,2.0
2754,Na2Ga2GeS6,3.29
2755,Na2Ga2SnS6,2.2
2756,Na2Gd(PO4)2,4.19
2757,Na2Ge2Se5,2.38
2758,Na2Hg3(GeS4)2,2.68
2759,Na2Hg3Se1.49S2.51,2.03
2760,Na2In,0.0
2761,Na2In2GeS6,3.17
2762,Na2In2GeSe6,2.47
2763,Na2In2SiS6,3.27
2764,Na2In4Se6S,1.92
2765,Na2In5Au6,0.0
2766,Na2LiTa,0.0
2767,Na2Mo2Se2O11,3.1
2768,Na2Nb4Se4O19,3.56
2769,Na2Pt(IO3)6,2.4
2770,Na2S,2.4
2771,Na2SO4,0.0
2772,Na2Se,2.0
2773,Na2Si2Hg3S8,2.86
2774,Na2Sn2Hg3S8,2.45
2775,Na2Te,2.3
2776,Na2TeS3,2.35
2777,Na2TeSe3,1.87
2778,Na2Ti2Sb2O,0.0
2779,Na2Ti3O7,3.51
2780,Na2Tl,0.0
2781,Na2UI6,0.0
2782,Na2V6O13,0.0
2783,Na2VCuF7,0.0
2784,Na2Zn(GeSe3)2,2.36
2785,Na2Zn(SnS3)2,2.93
2786,Na2Zn3(SeO3)4,4.9
2787,Na3(WO3)4,0.0
2788,Na3In2Au,0.0
2789,Na3Mn2(GeO4)3,0.0
2790,Na3MoClO4,4.69
2791,Na3MoO4F,4.77
2792,Na3Re,0.0
2793,Na3Sn2ClF6,3.88
2794,Na3Tl,0.0
2795,Na3UF7,0.0
2796,Na3WClO4,4.99
2797,Na3Zn(BO2)5,3.2
2798,Na4Al4Si19,0.64
2799,Na4Eu(GeS3)2,2.15
2800,Na4Mg(GeSe3)2,2.53
2801,Na4Mg(SiSe3)2,2.85
2802,Na5Cu7O13,0.0
2803,Na5Fe6(SiO3)12,0.0
2804,Na5Gd(MoO4)4,3.38
2805,Na6CoSe4,0.0
2806,Na6FeS4,0.0
2807,Na7(CoO3)2,0.5
2808,Na7.36Ga7.24Sn4.78Se24,1.5
2809,Na8(CuO2)5,0.0
2810,Na8Hg3,0.0
2811,Na8NbO6,0.0
2812,Na8PO3,0.0
2813,Na9(WO3)16,0.0
2814,NaAlGeS4,3.6
2815,NaAsO3,0.0
2816,NaB15,0.32
2817,NaBi3,0.0
2818,NaBiS2,0.38
2819,NaBiSe2,0.28
2820,NaC,0.0
2821,NaCd2Au,0.0
2822,NaCd4P3,1.1
2823,NaCdAsS3,2.93
2824,NaCdO3,0.0
2825,NaCdSb,0.0
2826,NaCeS2,0.0
2827,NaCeS3,2.15
2828,NaCuO,0.0
2829,NaEuO2,0.0
2830,NaF,10.5
2831,NaFe2(SiO3)4,0.0
2832,NaFe2O3,0.0
2833,NaGaGe3Se8,2.35
2834,NaH3(SeO3)2,4.9
2835,NaHg,0.0
2836,NaIn(IO3)4,4.25
2837,NaIn(TeO3)2,4.0
2838,NaIn3S5,2.18
2839,NaIn3Se5,2.17
2840,NaInS2,1.9
2841,NaInSe2,2.8
2842,NaInSnS4,2.4
2843,NaInTe2,1.6
2844,NaIrPb,0.0
2845,NaLa2TaO6,4.5
2846,NaLaS3,2.61
2847,NaLi3,0.0
2848,NaLu(Pd3O4)2,0.0
2849,NaNb2PS10,1.72
2850,NaNi2O3,0.0
2851,NaSb,0.82
2852,NaSb(PS3)2,2.17
2853,NaSbF6,3.76
2854,NaSbTe2,0.47
2855,NaSc(SeO3)2,5.5
2856,NaSi2Pd3,0.0
2857,NaSm(PS3)2,2.54
2858,NaSn2,0.0
2859,NaTa3,0.0
2860,NaTi5Se8,0.0
2861,NaTl,0.0
2862,NaY(Te2O5)2,3.9
2863,NaYb(PS3)2,1.85
2864,NaZr2TiF11,0.0
2865,NaZrCuTe3,0.0
2866,Nb(Cl2O)2,0.0
2867,Nb17Ir3S40,0.0
2868,Nb2(CoO3)3,0.0
2869,Nb2AgPS10,1.78
2870,Nb2Cr4Si5,0.0
2871,Nb2O5,3.08
2872,Nb2Pb2Se4O15,2.79
2873,Nb2Sb,0.0
2874,Nb2Tl3CuSe12,0.8
2875,Nb2Tl4S11,1.8
2876,Nb3(Fe10B3)2,0.0
2877,Nb3B2,0.0
2878,Nb3Bi,0.0
2879,Nb3CuO8,1.47
2880,Nb3In,0.0
2881,Nb3IrSe8,0.0
2882,Nb3Os,0.0
2883,Nb3Ru,0.0
2884,Nb3Te,0.0
2885,Nb3V(PO4)6,0.0
2886,Nb3VS6,0.0
2887,Nb40N21O16,0.0
2888,Nb4Co2PdSe12,0.0
2889,Nb5Ga4,0.0
2890,Nb5Ge3,0.0
2891,Nb5OF14,0.0
2892,Nb6Co7,0.0
2893,Nb6VSb3O25,3.2
2894,NbAg2(PS4)2,2.02
2895,NbCrN,0.0
2896,NbCrW,0.0
2897,NbCu3Se4,2.45
2898,NbCuO3,2.0
2899,NbGaCo2,0.0
2900,NbHO3,0.0
2901,NbHg3F6,0.0
2902,NbOsPb,0.0
2903,NbPt2,0.0
2904,NbRu2Cl,0.0
2905,NbSe2,1.4
2906,NbSi2,0.0
2907,NbSiIr,0.0
2908,NbSnIr,0.28
2909,Nd(Al4Co)2,0.0
2910,Nd(AsPd)2,0.0
2911,Nd(CoGe)2,0.0
2912,Nd(CoSi)2,0.0
2913,Nd(CrSi)2,0.0
2914,Nd(GePt)2,0.0
2915,Nd(InS2)3,1.15
2916,Nd(NiSn)2,0.0
2917,Nd(PRu)2,0.0
2918,Nd(Re2Si)2,0.0
2919,Nd(SiIr)2,0.0
2920,Nd1.33Lu0.67S3,1.5
2921,Nd10Se14O,1.98
2922,Nd2(SnSe3)3,0.5
2923,Nd2BC,0.0
2924,Nd2CdIn,0.0
2925,Nd2Fe14B,0.0
2926,Nd2Ge5Rh3,0.0
2927,Nd2HfS5,0.7
2928,Nd2IrPd,0.0
2929,Nd2Ni7P4,0.0
2930,Nd2O3,4.4
2931,Nd2Ru2O7,0.0
2932,Nd2S3,2.65
2933,Nd2Se3,1.7
2934,Nd2Te3,1.12
2935,Nd2WC2,0.0
2936,Nd2ZnGa,0.0
2937,Nd2ZrS5,1.83
2938,Nd3(GeRu)2,0.0
2939,Nd3AlC,0.0
2940,Nd3Ge5,0.0
2941,Nd3In,0.0
2942,Nd3Ni13B2,0.0
2943,Nd3Te4,1.6
2944,Nd3Zr,0.0
2945,Nd4(GeS4)3,2.62
2946,Nd4Ge3Rh4,0.0
2947,Nd4InSbSe9,1.57
2948,Nd4Mg3Co2,0.0
2949,Nd4MgRu,0.0
2950,Nd4O3F7,0.0
2951,Nd5Ge3,0.0
2952,Nd5Ge4,0.0
2953,NdAgAs2,0.0
2954,NdAgPb,0.0
2955,NdAl4Ge2Au,0.0
2956,NdAl7Au3,0.0
2957,NdAs,1.04
2958,NdAu3,0.0
2959,NdB6,4.9
2960,NdBRh3,0.0
2961,NdBi,0.0
2962,NdCrGe3,0.0
2963,NdCu3(RuO3)4,0.0
2964,NdCuSO,2.98
2965,NdCuTeO,2.26
2966,NdErTl2,0.0
2967,NdErZn2,0.0
2968,NdF3,6.15
2969,NdFeSi2,0.0
2970,NdGa2Ni,0.0
2971,NdGaO3,0.0
2972,NdIn3,0.0
2973,NdIn5Rh,0.0
2974,NdInAu,0.0
2975,NdInCu,0.0
2976,NdLuSe3,1.61
2977,NdMg2,0.0
2978,NdMg2Ni9,0.0
2979,NdMgNi4,0.0
2980,NdMnSbO,0.0
2981,NdMoO4F,3.66
2982,NdNiC2,0.0
2983,NdO2,0.0
2984,NdPt,0.0
2985,NdRh,0.0
2986,NdSb,0.0
2987,NdSbPd,0.0
2988,NdScGe,0.0
2989,NdSmHg2,0.0
2990,NdSn2,0.0
2991,NdSnRh,0.0
2992,NdTe,0.0
2993,NdTe2,0.48
2994,NdTiGe,0.0
2995,NdTlAg2,0.0
2996,NdTlPd,0.0
2997,NdZn2Ag,0.0
2998,Ni(CN)2,2.0
2999,Ni(PO3)4,0.0
3000,Ni23B6,0.0
3001,Ni2Ge,0.0
3002,Ni2Mo3N,0.0
3003,Ni2Mo4C,0.0
3004,Ni2Mo4N,0.0
3005,Ni2PO5,0.0
3006,Ni2Te3O8,3.84
3007,Ni3Ge,0.0
3008,Ni3Pt,0.0
3009,Ni3S4,0.0
3010,Ni3SnN,0.0
3011,Ni4(BiO2)9,0.0
3012,Ni4(PO4)3,0.0
3013,Ni7(P2O7)4,0.0
3014,NiAgO2,0.0
3015,NiAsO3,0.0
3016,NiCO4,0.0
3017,NiGe,0.0
3018,NiGePt2,0.0
3019,NiI,0.0
3020,NiN,0.0
3021,NiO,4.0
3022,NiS2,0.64
3023,NiTe,0.23
3024,OsS2,2.0
3025,P2H12N7Cl,0.0
3026,P2H4RhO9,0.0
3027,P2O5,0.0
3028,P2Os,1.13
3029,P2Pd,0.65
3030,P2Pd3S8,2.12
3031,P2Rh,1.0
3032,P2Se3,2.4
3033,P2Se5,2.2
3034,PH2NO2,0.0
3035,PH6NO4,6.8
3036,PHPbO3,3.97
3037,POsS,1.4
3038,POsSe,1.4
3039,PPdS,1.38
3040,PPdSe,0.15
3041,PRuS,1.4
3042,PSe,2.5
3043,PW5O17,0.0
3044,Pb17(Cl9O4)2,3.44
3045,Pb1Se0.01S0.99,0.37
3046,Pb1Se0.5S0.5,0.33
3047,Pb1Se0.95S0.05,0.26
3048,Pb1Se0.99S0.01,0.26
3049,Pb1Se0.9S0.1,0.27
3050,Pb2O3,1.67
3051,Pb2SeN2O9,3.76
3052,Pb3O4,2.12
3053,Pb3Se2(BrO3)2,3.73
3054,PbN6,2.98
3055,PbSeO4,4.3
3056,Pd(IO3)2,1.31
3057,Pd16S7,0.0
3058,Pd2N,0.0
3059,Pd3(PbS)2,0.0
3060,PdO,0.8
3061,PdPb2,0.0
3062,PdS,0.5
3063,PdS2,0.75
3064,PdSe,0.2
3065,PdSe2,0.4
3066,Pm2CuGe,0.0
3067,Pm2IrRh,0.0
3068,Pm2NiRh,0.0
3069,Pm2PtAu,0.0
3070,Pm3I,0.0
3071,PmCd3,0.0
3072,PmCdPd2,0.0
3073,PmDy3,0.0
3074,PmGaAu2,0.0
3075,PmHgAu2,0.0
3076,PmMgAu2,0.0
3077,PmMgCd2,0.0
3078,PmMgRh2,0.0
3079,PmSbRh2,0.0
3080,PmSnRh2,0.0
3081,Pr(BRu)2,0.0
3082,Pr(BiO3)2,0.0
3083,Pr(CoAs)2,0.0
3084,Pr(CoGe)2,0.0
3085,Pr(FeSi)2,0.0
3086,Pr(InS2)3,1.14
3087,Pr(MnSi)2,0.0
3088,Pr1.29Lu0.71S3,1.38
3089,Pr10Se14O,1.89
3090,Pr1Te1.9,1.0
3091,Pr27Se40,0.0
3092,Pr2Au,0.0
3093,Pr2CdSn,0.0
3094,Pr2Co12P7,0.0
3095,Pr2Ge2Se7,1.32
3096,Pr2GeSe5,1.8
3097,Pr2HgPb,0.0
3098,Pr2InGe2,0.0
3099,Pr2InPd2,0.0
3100,Pr2Ir2O7,0.0
3101,Pr2S3,2.6
3102,Pr2Se3,1.8
3103,Pr2Te4O11,3.65
3104,Pr3(Al2Si3)2,0.0
3105,Pr3Cd,0.0
3106,Pr3I,0.0
3107,Pr4InSbSe9,1.89
3108,Pr4MgRu,0.0
3109,Pr4Sb3,0.0
3110,Pr4Te7,0.46
3111,Pr5In11Ni6,0.0
3112,Pr5Si4,0.0
3113,Pr6Fe13Si,0.0
3114,Pr7Mn8O24,0.0
3115,Pr9(SbO)5,0.0
3116,PrAgAs2,0.0
3117,PrAl3Ni2,0.0
3118,PrAs,1.0
3119,PrAu,0.0
3120,PrB4,0.0
3121,PrB6,4.9
3122,PrBN2,4.0
3123,PrBPt4,0.0
3124,PrCd,0.0
3125,PrCo4B,0.0
3126,PrCuSO,3.03
3127,PrErIn2,0.0
3128,PrErMg2,0.0
3129,PrFeGe2,0.0
3130,PrGaAu2,0.0
3131,PrGe3,0.0
3132,PrGe5,0.0
3133,PrGeAu,0.0
3134,PrIn,0.0
3135,PrInAu2,0.0
3136,PrIr2,0.0
3137,PrLuIn2,0.0
3138,PrLuSe3,1.56
3139,PrMgAg2,0.0
3140,PrMgGa,0.0
3141,PrMo3,0.0
3142,PrMoO4F,3.64
3143,PrNiGe2,0.0
3144,PrO,0.55
3145,PrP,0.0
3146,PrSb,0.66
3147,PrSbPt,0.0
3148,PrSm3,0.0
3149,PrSmO2,0.0
3150,PrTaN2O,2.0
3151,PrTl2InSe4,0.93
3152,PrTlSe2,1.18
3153,PrTmTl2,0.0
3154,PrZn,0.0
3155,Pt0.97S2,0.95
3156,Pt3Pb,0.0
3157,Pt3PbC,0.0
3158,PtN,0.0
3159,PtS2,0.75
3160,PtSe2,0.1
3161,Rb1.45Sb7.45Pb3.1Se15,0.45
3162,Rb1.54Cd1.54Bi2.46S6,1.33
3163,Rb15Hg16,0.0
3164,Rb28(Mg3In17)3,0.0
3165,Rb2AgPS4,2.6
3166,Rb2BaNb2Se11,1.53
3167,Rb2Cd(IBr)2,3.35
3168,Rb2Cd(PSe3)2,2.58
3169,Rb2Cd3(B4O7)4,4.76
3170,Rb2Cd3S4,2.92
3171,Rb2Cd3Se4,2.37
3172,Rb2Cd3Te4,2.3
3173,Rb2CrF6,0.0
3174,Rb2Cu2Sb2S5,1.6
3175,Rb2Cu2SnS4,2.08
3176,Rb2FeI4,0.0
3177,Rb2GeB4O9,5.54
3178,Rb2Hg(PSe3)2,2.32
3179,Rb2Hg3(GeS4)2,2.8
3180,Rb2Mo3Se3O16,3.1
3181,Rb2Mo9Se10,0.0
3182,Rb2Na2IrO4,0.0
3183,Rb2NaNiF6,0.0
3184,Rb2NaVF6,0.0
3185,Rb2NbCuS4,2.64
3186,Rb2NbCuSe4,2.19
3187,Rb2PS5,2.3
3188,Rb2Pt(IO3)6,2.4
3189,Rb2SCl6F,0.0
3190,Rb2Sn2Hg3S8,2.48
3191,Rb2Sn3(SbS5)2,2.33
3192,Rb2Tb3AlF16,0.0
3193,Rb2Te,4.5
3194,Rb2TeBr6,2.14
3195,Rb2TeI6,1.4
3196,Rb2Ti(AgS2)2,2.33
3197,Rb2Ti(CuS2)2,2.19
3198,Rb2VAgS4,1.83
3199,Rb2VCuS4,1.85
3200,Rb2Zn3(SeO3)4,4.9
3201,Rb3(Cu4S3)2,0.0
3202,Rb3Ag9(PS4)4,2.6
3203,Rb3Al3Ge7S20,3.1
3204,Rb3Al3Ge7Se20,2.4
3205,Rb3Bi2Br9,2.62
3206,Rb3Cd(BO2)5,2.34
3207,Rb3Ga,0.0
3208,Rb3Li4(BO2)7,6.53
3209,Rb3Mn,0.0
3210,Rb3Na(MoO4)2,4.84
3211,Rb3Nb2AsSe11,1.5
3212,Rb3Sb,1.0
3213,Rb3Sb2Br9,2.48
3214,Rb3Sb2I9,1.94
3215,Rb3Sm,0.0
3216,Rb3Ta2AsS11,2.21
3217,Rb3Tm,0.0
3218,Rb3Zn(BO2)5,2.66
3219,Rb4Ag9(SbS3)4,2.0
3220,Rb4CuSi2O7,0.0
3221,Rb4Ga4Si19,1.18
3222,Rb4Ge(PSe3)4,2.0
3223,Rb4Ge3B6O17,5.42
3224,Rb4Mo5(PO11)2,3.51
3225,Rb4Ti3S14,1.59
3226,Rb5(W4O15)2,0.0
3227,Rb5(WO3)18,0.0
3228,Rb5B(SO4)4,3.99
3229,Rb5Li6(BO2)11,6.53
3230,Rb5Tl3O,0.0
3231,Rb6O,0.0
3232,Rb7Th2(P2Se7)3,2.07
3233,Rb9Bi13S24,1.3
3234,RbAg2SbS4,2.3
3235,RbAg2TeS6,2.04
3236,RbAg5(PS4)2,2.4
3237,RbAgF3,0.0
3238,RbB5(H2O3)4,0.0
3239,RbBa2(PO3)5,7.6
3240,RbBi2,0.0
3241,RbBi3TeSe4,0.8
3242,RbBr3,0.0
3243,RbC8,0.0
3244,RbCaBO3,3.67
3245,RbCd(BO2)3,4.2
3246,RbCd13,0.0
3247,RbCd4Ga5S12,3.02
3248,RbCd4Ga5Se12,2.19
3249,RbCd4Ga5Te12,1.64
3250,RbCd4In5Se12,1.57
3251,RbCu(SbS2)2,1.6
3252,RbCu2AsS3,1.96
3253,RbCu2SbS3,1.67
3254,RbCu4AsS4,2.15
3255,RbCuPdF5,0.0
3256,RbCuSnS3,1.44
3257,RbCuSnSe3,1.04
3258,RbEuO2,0.0
3259,RbF,10.4
3260,RbF3,0.0
3261,RbGaSnSe4,1.88
3262,RbGe3,0.0
3263,RbGeB3O7,5.58
3264,RbH2(IO3)3,4.07
3265,RbH3(SeO3)2,4.84
3266,RbHg3,0.0
3267,RbHgSbTe3,0.2
3268,RbIn4,0.0
3269,RbIn5S6,2.5
3270,RbInGeS4,3.1
3271,RbInS2,3.3
3272,RbInSnS4,2.7
3273,RbInTe3O8,3.9
3274,RbLiCO3,6.28
3275,RbMn4Ga5Te12,1.53
3276,RbMn4In5Se12,1.76
3277,RbMnTe2,0.0
3278,RbMoPO6,2.96
3279,RbNa2NiO2,0.0
3280,RbNa2Sb,1.0
3281,RbNb3(TeO6)2,3.49
3282,RbNb4Br11,0.46
3283,RbNbSe2O7,4.1
3284,RbPPbO4,4.35
3285,RbPSe6,2.18
3286,RbPdF3,0.0
3287,RbSbO3,0.0
3288,RbSbSe2,1.62
3289,RbSbTe2,0.38
3290,RbSc(SeO3)2,4.9
3291,RbTa3(TeO6)2,3.88
3292,RbTbSe2,2.5
3293,RbTiBr3,0.0
3294,RbTmO3,0.0
3295,RbU2SbS8,0.0
3296,RbUAgS3,0.0
3297,RbV(CuS2)2,1.45
3298,RbVP2S7,0.0
3299,RbWO3,0.0
3300,RbY(TeO3)2,3.6
3301,RbYbZnSe3,2.07
3302,RbZn4In5Se12,1.76
3303,RbZrPSe6,2.0
3304,Re(TeCl6)2,0.0
3305,Re2PbO6,0.0
3306,Re2RuBr,0.0
3307,Re2W3C,0.0
3308,Re3As7,0.0
3309,Re3F,0.0
3310,Re3P4,0.0
3311,Re5(NiAs6)2,0.0
3312,ReBiO3,0.0
3313,ReCl4,0.0
3314,ReF6,0.0
3315,ReIr3,0.0
3316,ReO3,2.3
3317,ReOsRu,0.0
3318,RePO5,0.0
3319,ReSi2,0.12
3320,ReSn3,0.0
3321,Rh0.67S2,1.5
3322,Rh0.67Se2,0.7
3323,Rh2S3,0.8
3324,Rh3Pb,0.0
3325,Rh7(PbO5)3,0.0
3326,RhS3,1.5
3327,RhSe2,0.6
3328,RhSe3,0.7
3329,RhSeS,0.7
3330,Ru3Cl,0.0
3331,RuCl3,0.0
3332,RuS2,1.8
3333,RuSe2,1.0
3334,Sb2I2F11,0.0
3335,Sb2Os,0.2
3336,Sb2PbSe4,1.8
3337,Sb2Ru,0.3
3338,Sb2Te,0.0
3339,Sb2XeF14,0.0
3340,Sb3IO4,2.61
3341,Sb4Pb4S11,0.0
3342,Sb5IO7,1.95
3343,Sb6Pb4Se13,0.65
3344,Sb6Pb6Se17,0.8
3345,Sb8I2O11,2.72
3346,SbAs,1.6
3347,SbOsS,1.2
3348,SbOsSe,0.4
3349,SbPb2S2I3,2.0
3350,SbPbBrO2,2.67
3351,SbPbIO2,2.48
3352,SbPd3,0.0
3353,SbPt3,0.0
3354,SbRh3,0.0
3355,SbRuSe,0.9
3356,SbSBr,2.17
3357,SbSeBr,1.84
3358,SbTeI,1.25
3359,SbTeOs,0.05
3360,SbTeRh,0.5
3361,SbTeRu,0.5
3362,Sc(CuSe)3,0.3
3363,Sc(GaFe)6,0.0
3364,Sc(TiN)9,0.0
3365,Sc(VGa2)2,0.0
3366,Sc11(AlGe4)2,0.0
3367,Sc14Cu14O37,0.0
3368,Sc2(PO4)3,0.0
3369,Sc2Al3Ru,0.0
3370,Sc2CuRu,0.0
3371,Sc2Fe,0.77
3372,Sc2FeB2Ir5,0.0
3373,Sc2GaAg,0.0
3374,Sc2GaIr,0.0
3375,Sc2MnC,0.0
3376,Sc2S3,2.0
3377,Sc2TlTc,0.0
3378,Sc3(MnGa3)2,0.0
3379,Sc3(ReSi2)2,0.0
3380,Sc3BPb,0.0
3381,Sc3C4,0.0
3382,Sc3Fe2Si3,0.0
3383,Sc3GaC,0.0
3384,Sc3PbC,0.0
3385,Sc4Ge6Rh7,0.0
3386,Sc5Bi3,0.0
3387,Sc5NCl8,0.0
3388,Sc5Pb3,0.0
3389,Sc6FeSb2,0.0
3390,Sc6NiTe2,0.0
3391,Sc6Te2Os,0.0
3392,Sc7CI12,0.0
3393,Sc8Te3,0.0
3394,ScAg,0.0
3395,ScAg(PSe3)2,1.55
3396,ScAgO2,3.8
3397,ScAlNi2,0.0
3398,ScBIr3,0.0
3399,ScBPd3,0.0
3400,ScBe5,0.0
3401,ScCd,1.71
3402,ScCdAg2,0.0
3403,ScCdHg2,0.0
3404,ScCoGe2,0.0
3405,ScCoO3,0.0
3406,ScCrO4,0.0
3407,ScCu2,0.0
3408,ScCuO2,3.3
3409,ScGa2,0.0
3410,ScGe2,0.0
3411,ScHg,0.24
3412,ScIr,0.0
3413,ScN,2.6
3414,ScNiSb,0.11
3415,ScPPt,0.0
3416,ScRh,0.0
3417,ScRh3C,0.0
3418,ScSbPd,0.23
3419,ScSbRh2,0.0
3420,ScSbRu2,0.0
3421,ScSi3Ni,0.0
3422,ScSnPd,0.0
3423,ScTa2NO5,2.67
3424,ScTiNbO6,3.58
3425,ScTiO3,0.0
3426,ScTlS2,1.51
3427,ScTlSe2,0.79
3428,ScTlTe2,0.85
3429,ScZn2,0.0
3430,ScZn3,0.0
3431,ScZnNi2,0.0
3432,ScZnPt2,0.0
3433,SeS,1.9
3434,Si(Bi3O5)4,3.2
3435,Si0.001Ge0.999,0.65
3436,Si0.03Ge0.97,0.67
3437,Si0.0645Ge0.9355,1.04
3438,Si0.07Ge0.93,1.04
3439,Si0.08Ge0.92,0.72
3440,Si0.109Ge0.891,1.13
3441,Si0.12Ge0.88,0.84
3442,Si0.162Ge0.838,1.32
3443,Si0.1Ge0.9,0.8
3444,Si0.226Ge0.774,1.5
3445,Si0.2Ge0.8,0.86
3446,Si0.347Ge0.653,1.91
3447,Si0.3Ge0.7,0.88
3448,Si0.458Ge0.542,2.24
3449,Si0.4Ge0.6,0.9
3450,Si0.6Ge0.4,0.94
3451,Si0.7Ge0.3,1.0
3452,Si0.8Ge0.2,1.1
3453,Si0.94Ge0.06,1.06
3454,Si0.98Ge0.02,1.08
3455,Si0.999Ge0.001,1.09
3456,Si0.9Ge0.1,1.04
3457,Si15(TeP2)4,1.24
3458,Si2Ni6B,0.0
3459,Si2NiP3,0.0
3460,Si2Pd9,0.0
3461,Si2Ru,0.0
3462,Si2SbO6,0.0
3463,Si3N4,5.1
3464,SiAs2,0.88
3465,SiAu3,0.0
3466,SiB3,2.0
3467,SiBi3O7,0.0
3468,SiGe,0.88
3469,SiHg3,0.0
3470,SiP,2.0
3471,SiP2,1.89
3472,SiSb,1.9
3473,SiSb3,0.0
3474,SiSe2,1.72
3475,SiSn,0.59
3476,SiTe2Os,0.0
3477,SiW3,0.0
3478,Sm(BOs)2,0.0
3479,Sm(CoSi)2,0.0
3480,Sm(CuO2)2,0.0
3481,Sm(CuS)3,1.82
3482,Sm(CuTe)3,0.23
3483,Sm(ErSe2)3,2.0
3484,Sm(InS2)3,1.18
3485,Sm(MnGe)2,0.0
3486,Sm(NiSn)2,0.0
3487,Sm(SiAg)2,0.0
3488,Sm(SiNi)2,0.0
3489,Sm1.82Lu2.18Se6,1.51
3490,Sm2(PPt2)3,0.0
3491,Sm2(SnSe3)3,0.7
3492,Sm2AgRu,0.0
3493,Sm2AlCd,0.0
3494,Sm2Cu4Sn5,0.0
3495,Sm2CuAs3O,0.0
3496,Sm2Fe17,0.0
3497,Sm2IO2,0.0
3498,Sm2In,0.0
3499,Sm2IrPd,0.0
3500,Sm2Mn3(SbS3)4,1.5
3501,Sm2Mo2O7,0.0
3502,Sm2O3,5.0
3503,Sm2Pd2Pb,0.0
3504,Sm2RuAu,0.0
3505,Sm2S3,2.96
3506,Sm2Sc3,2.3
3507,Sm2Se3,2.3
3508,Sm2Te3,0.7
3509,Sm2Tl,0.0
3510,Sm2TlHg,0.0
3511,Sm2TlZn,0.0
3512,Sm2ZrSe5,1.41
3513,Sm3(Sb7Te12)2,0.0
3514,Sm3Al,0.0
3515,Sm3Al0.33Si1S7,2.26
3516,Sm3AlN,0.0
3517,Sm3B(SO)3,2.5
3518,Sm3OsO7,0.0
3519,Sm3Sc,0.0
3520,Sm3Te4,0.51
3521,Sm3Zr,0.0
3522,Sm4Al23Ni6,0.0
3523,Sm4GaSbS9,2.23
3524,Sm4In21Pd10,0.0
3525,Sm4InSbS9,2.13
3526,Sm4MgRh,0.0
3527,Sm4U4O17,0.0
3528,Sm5Br11,0.0
3529,Sm6Br13,0.0
3530,SmAg,0.0
3531,SmAlCu,0.0
3532,SmAs,1.03
3533,SmAs2Au,0.0
3534,SmAu3,0.0
3535,SmB(SbO4)2,3.54
3536,SmB6,3.5
3537,SmB66,0.8
3538,SmBPd3,0.0
3539,SmBiW2O9,3.39
3540,SmC10,0.0
3541,SmCdHg2,0.0
3542,SmCo2,0.0
3543,SmCo3B2,0.0
3544,SmCoC2,0.0
3545,SmCrGe3,0.0
3546,SmCuO3,0.0
3547,SmCuSO,2.9
3548,SmCuSe2,2.1
3549,SmCuSeO,2.6
3550,SmCuSi,0.0
3551,SmErMg2,0.0
3552,SmHg3,0.0
3553,SmHgPd,0.0
3554,SmHoHg2,0.0
3555,SmHoZn2,0.0
3556,SmIn2Rh,0.0
3557,SmInAu,0.0
3558,SmLuTl2,0.0
3559,SmMg3,0.0
3560,SmMgHg2,0.0
3561,SmNi2B2C,0.0
3562,SmNiAs,0.0
3563,SmNiC2,0.0
3564,SmP,1.09
3565,SmPbAu,0.0
3566,SmS,2.3
3567,SmSb,0.59
3568,SmSb2,0.0
3569,SmSe,0.46
3570,SmSi3Pt5,0.0
3571,SmSnPd,0.0
3572,SmSnRh2,0.0
3573,SmSnTe2,0.52
3574,SmTh3,0.0
3575,SmTmZn2,0.0
3576,Sn(PO3)3,0.0
3577,Sn0.001Pb0.999Se1,0.24
3578,Sn0.01Te1Pb0.99,0.23
3579,Sn0.03Pb0.97Se1,0.21
3580,Sn0.03Te1Pb0.97,0.21
3581,Sn0.05Pb0.95Se1,0.12
3582,Sn0.06Pb0.94Se1,0.14
3583,Sn0.06Te1Pb0.94,0.28
3584,Sn0.07Pb0.93Se1,0.08
3585,Sn0.08Pb0.92Se1,0.06
3586,Sn0.08Te0.08Pb0.92Se0.92,0.22
3587,Sn0.08Te1Pb0.92,0.13
3588,Sn0.13Pb0.87Se1,0.02
3589,Sn0.15Pb0.85Se1,0.13
3590,Sn0.15Te0.15Pb0.85Se0.85,0.18
3591,Sn0.17Pb0.83Se1,0.04
3592,Sn0.17Te1Pb0.83,0.15
3593,Sn0.1Te1Pb0.9,0.16
3594,Sn0.23Te1Pb0.77,0.04
3595,Sn0.25Pb0.75Se1,0.04
3596,Sn0.25Te1Pb0.75,0.04
3597,Sn0.28Te0.28Pb0.72Se0.72,0.12
3598,Sn0.2Pb0.8Se1,0.06
3599,Sn0.2Te0.2Pb0.8Se0.8,0.14
3600,Sn0.2Te1Pb0.8,0.08
3601,Sn0.35Te0.35Pb0.65Se0.65,0.09
3602,Sn0.99Te1Pb0.01,0.26
3603,Sn1Se0.01S0.99,1.08
3604,Sn1Se0.2S0.8,1.03
3605,Sn1Se0.6S0.4,0.98
3606,Sn1Se0.75S0.25,0.94
3607,Sn1Se0.99S0.01,0.89
3608,Sn2BiSI5,1.32
3609,Sn2S,0.85
3610,Sn2SbS2I3,1.5
3611,Sn2WO5,2.6
3612,Sn3As2,0.47
3613,Sn3Ir2Se3,0.43
3614,Sn3P3O13,0.0
3615,Sn3Pd,0.0
3616,Sn3WO6,2.49
3617,Sn5(BIr3)2,0.0
3618,Sn5(BRh3)2,0.0
3619,SnAs3,0.0
3620,SnB,0.0
3621,SnCl2,3.9
3622,SnGeS3,2.23
3623,SnHgO3,1.6
3624,SnI2,2.4
3625,SnI4,2.38
3626,SnO,3.0
3627,SnO2,3.6
3628,SnPt3C,0.0
3629,SnRh,0.0
3630,SnS2,2.43
3631,SnSb3(PO4)4,0.0
3632,SnSe2,1.62
3633,SnTe,0.3
3634,Sr(CeS2)2,0.0
3635,Sr(CeSe2)2,0.0
3636,Sr(CoP)2,0.0
3637,Sr(GaAu)2,0.0
3638,Sr(In4Rh)2,0.0
3639,Sr(LaS2)2,2.85
3640,Sr(NdS2)2,2.45
3641,Sr(PrS2)2,2.7
3642,Sr(RuO3)2,0.0
3643,Sr(Sb3Ru)4,0.0
3644,Sr(YbS2)2,0.0
3645,Sr0.5Ta1O3,3.7
3646,Sr10Al4Si6O,0.0
3647,Sr2Be2B2O7,8.0
3648,Sr2Co2O5,0.0
3649,Sr2CoReO6,0.0
3650,Sr2Cu(ClO)2,0.0
3651,Sr2GaCo2O7,0.0
3652,Sr2GeN2,0.0
3653,Sr2HoRuO6,0.0
3654,Sr2La2.58Bi5.42S14,1.0
3655,Sr2La2Pt1O7.13,2.52
3656,Sr2Li2Nb3O10,0.0
3657,Sr2MgIrO6,0.0
3658,Sr2MgReO6,0.0
3659,Sr2Pr2Pt1O7.07,3.05
3660,Sr2ScSbO6,3.57
3661,Sr2SmTaO6,3.38
3662,Sr2TiO4,3.41
3663,Sr2V2(SeO5)3,2.96
3664,Sr2V3Se5O18,2.47
3665,Sr2YBi2O7,0.0
3666,Sr2YReO6,0.0
3667,Sr2ZnReO6,0.0
3668,Sr3(AlSn)2,0.0
3669,Sr3(SnIr)4,0.0
3670,Sr3Bi(PO4)3,4.0
3671,Sr3Co2S2O5,0.0
3672,Sr3Eu(PO4)3,3.99
3673,Sr3Ge(SbSe4)2,0.75
3674,Sr3Li4La5O12,0.0
3675,Sr3Sb2,0.0
3676,Sr3ScNiO6,0.0
3677,Sr3Se3ClO8,4.4
3678,Sr3Ti2O7,3.26
3679,Sr4Ga8Ge15,0.05
3680,Sr4Te3(ClO2)4,4.0
3681,Sr4V2(Se2O7)3,2.66
3682,Sr5Bi3,0.0
3683,Sr5Cd2Sb5F,0.0
3684,Sr5Sn3,0.0
3685,Sr5V3O12F,4.5
3686,Sr6Nb7O21,0.0
3687,Sr7Bi23O40,0.0
3688,Sr8(MnN3)3,0.0
3689,Sr8.007Ge2.043Bi7.949Se24,0.74
3690,Sr8Al7,0.0
3691,Sr8Co8O23,0.0
3692,Sr8Fe3N8,0.0
3693,SrAg,0.0
3694,SrAl,0.0
3695,SrB2,0.0
3696,SrB6,3.68
3697,SrBiClO2,3.52
3698,SrCd,0.0
3699,SrCdSi,0.0
3700,SrCrO4,2.45
3701,SrCuBi,0.0
3702,SrGe2,0.9
3703,SrIn2,0.0
3704,SrIn2(GeIr)4,0.25
3705,SrIn2Ir,0.0
3706,SrIn2Rh,0.0
3707,SrIn4Ir,0.0
3708,SrIn4Pt,0.0
3709,SrLa3MnO8,0.0
3710,SrLaMn2O6,0.0
3711,SrLi2Sn,0.0
3712,SrLi4(BO3)2,6.67
3713,SrMgIn3,0.0
3714,SrMgSnSe4,2.0
3715,SrMnGe,0.0
3716,SrN2,0.0
3717,SrNi2(PO4)2,0.0
3718,SrNi5As3,0.0
3719,SrO,5.7
3720,SrPb3,0.0
3721,SrPb3Br8,3.2
3722,SrPbO3,1.78
3723,SrRhF6,0.0
3724,SrS,4.76
3725,SrSbAu,0.0
3726,SrSe,4.42
3727,SrSeO4,4.75
3728,SrSiPd,0.0
3729,SrSnO3,4.1
3730,SrSnP,0.0
3731,SrTaNO2,1.99
3732,SrTe,3.73
3733,SrTh(PS4)2,3.02
3734,SrTl2,0.0
3735,SrTlHg2,0.0
3736,SrUS2,0.0
3737,SrV13O18,0.0
3738,SrZnSO,3.1
3739,SrZnSb2,0.0
3740,SrZr2Nb,0.0
3741,Ta11(CuO15)2,2.59
3742,Ta11(CuO6)5,2.58
3743,Ta22(CuS12)3,0.0
3744,Ta2Mn3O8,1.89
3745,Ta2MoOs,0.0
3746,Ta2N,0.0
3747,Ta2Nb3O12,0.0
3748,Ta2O5,4.2
3749,Ta2OsW,0.0
3750,Ta2PtSe7,0.0
3751,Ta2TiN3,0.0
3752,Ta2Tl4S11,1.26
3753,Ta2TlO6,0.0
3754,Ta3B4,0.0
3755,Ta3P,0.0
3756,Ta4AlC3,0.0
3757,Ta4FeTe4,0.0
3758,Ta4N5,0.0
3759,Ta5N6,0.0
3760,Ta6Be15Cu8,0.0
3761,Ta6Ni16Ge7,0.0
3762,Ta7Cu3O19,2.47
3763,TaAl3,0.0
3764,TaAlPt,0.0
3765,TaAs,0.0
3766,TaBe2,0.0
3767,TaCoSn2,0.0
3768,TaCu3S4,3.0
3769,TaF3,0.0
3770,TaGaPt,0.0
3771,TaInNi,0.0
3772,TaN,2.3
3773,TaNiB2,0.0
3774,TaPd3,0.0
3775,TaPt3,0.0
3776,TaRh3,0.0
3777,TaTiFe2,0.0
3778,TaTlS3,0.78
3779,TaW3,0.0
3780,Tb(Al2Fe)4,0.0
3781,Tb(AlC)3,0.0
3782,Tb(CoB)2,0.0
3783,Tb(CoGe)2,0.0
3784,Tb(CuSe)3,0.16
3785,Tb(CuTe)3,0.46
3786,Tb(FeP3)4,0.0
3787,Tb(GePd)2,0.0
3788,Tb(GeRh)2,0.0
3789,Tb(InS2)3,1.2
3790,Tb(MnGe)6,0.0
3791,Tb(Ni2P)2,0.0
3792,Tb0.52Pr2.48Ga1.67S7,2.61
3793,Tb10B7C10,0.0
3794,Tb11S16,0.0
3795,Tb2AlCo2,0.0
3796,Tb2C3,0.0
3797,Tb2EuSe4,2.0
3798,Tb2GeS5,2.1
3799,Tb2In16Pt7,0.0
3800,Tb2O3,3.0
3801,Tb2Sb5,0.0
3802,Tb2SbO2,0.0
3803,Tb2Ti3Ge4,0.0
3804,Tb3(MnC3)2,0.0
3805,Tb3FeB7,0.0
3806,Tb3Ge5,0.0
3807,Tb3Ni13B2,0.0
3808,Tb3ReO7,0.0
3809,Tb3Si,0.0
3810,Tb4Al2O9,4.59
3811,Tb4GaSbS9,2.44
3812,Tb5Ti5O17,0.0
3813,Tb5Tl3,0.0
3814,Tb6PbSe10,0.0
3815,TbB(SbO4)2,3.53
3816,TbBRh3,0.0
3817,TbBe13,0.0
3818,TbCl,0.0
3819,TbCo2,0.0
3820,TbCu5,0.0
3821,TbGa,0.0
3822,TbGa2Co3,0.0
3823,TbGa3,0.0
3824,TbH2,0.0
3825,TbHg2,0.0
3826,TbIn2Ni,0.0
3827,TbInAg2,0.0
3828,TbInIr,0.0
3829,TbMn5Ge3,0.0
3830,TbNi5,0.0
3831,TbNiGe2,0.0
3832,TbNiO3,0.0
3833,TbP,0.0
3834,TbPt,0.0
3835,TbRh2,0.0
3836,TbSb2,0.0
3837,TbSe2,0.0
3838,TbSnAu,0.0
3839,TbTe,0.0
3840,TbTl,0.0
3841,TbWClO4,4.24
3842,TbYHg2,0.0
3843,TbYbHg2,0.0
3844,TbYbRh2,0.0
3845,TbZn2,0.0
3846,TbZrSb,0.0
3847,Tc3Pd,0.0
3848,TcB,0.0
3849,TcS2,1.0
3850,TcSe2,0.88
3851,Te0.01Pb1Se0.99,0.26
3852,Te0.05Pb1Se0.95,0.26
3853,Te0.4Se0.6,1.2
3854,Te0.5Pb1Se0.5,0.29
3855,Te0.5Se0.5,1.0
3856,Te0.6Se0.4,0.7
3857,Te0.8Se0.2,0.4
3858,Te0.99Pb1Se0.01,0.3
3859,Te2Au,0.0
3860,Te2Mo(WS2)3,0.0
3861,Te2Mo2WSe4,0.0
3862,Te2Mo3Se4,0.0
3863,Te2MoWS2,0.0
3864,Te2Os,0.3
3865,Te2Pd,1.8
3866,Te2Pd3,0.0
3867,Te2Pd3Pb2,0.0
3868,Te2Ru,0.25
3869,Te2W2SeS,0.0
3870,Te3MoWS,0.0
3871,Te4Mo(WS)2,0.0
3872,Te4MoW3S4,0.0
3873,TeAs,0.74
3874,TeI,1.1
3875,TeI4,1.1
3876,TeMoSe,0.0
3877,TeO2,3.0
3878,TePb3Cl4O3,3.79
3879,TePd,0.0
3880,TeSe,1.58
3881,TeWCl9,0.0
3882,Th(Al2Fe)4,0.0
3883,Th(Al5Fe)2,0.0
3884,Th(FeGe)2,0.0
3885,Th(FeSi)2,0.0
3886,Th(GePd)2,0.0
3887,Th(MnGe)2,0.0
3888,Th(SiRu)2,0.0
3889,Th2CrN3,0.0
3890,Th2Fe7,0.0
3891,Th2GeSe2,1.98
3892,Th2In,0.0
3893,Th2Se5,0.37
3894,Th3B2C3,0.0
3895,Th6Mg23,0.0
3896,ThAl,0.0
3897,ThAl3,0.0
3898,ThAsSe,0.0
3899,ThBi2,0.0
3900,ThCrB4,0.0
3901,ThFe2SiC,0.0
3902,ThHg2,0.0
3903,ThIr5,0.0
3904,ThMn4(CuO4)3,0.0
3905,ThPSe,0.0
3906,ThPd3,0.0
3907,ThRh2,0.0
3908,ThRu3C,0.0
3909,ThS,0.0
3910,ThSO,2.22
3911,ThSeO,1.65
3912,ThSi,0.0
3913,ThSi2Ru3,0.0
3914,ThTeO,1.45
3915,ThU8O18,0.0
3916,Ti(Bi3O5)4,3.09
3917,Ti10O11,0.0
3918,Ti11O18,0.0
3919,Ti13S24,0.0
3920,Ti1C0.9,0.3
3921,Ti20(Sb3Se)3,0.0
3922,Ti2AlV,0.0
3923,Ti2B,0.0
3924,Ti2BRh6,0.0
3925,Ti2Be17,0.0
3926,Ti2C,0.0
3927,Ti2Cd,0.0
3928,Ti2CoGe,0.0
3929,Ti2CoS4,0.0
3930,Ti2CuS4,0.0
3931,Ti2MnFe,0.0
3932,Ti2NiH,0.0
3933,Ti2NiSe4,0.0
3934,Ti2OsRu,0.0
3935,Ti2RePd,0.0
3936,Ti2ReRh,0.0
3937,Ti2ReRu,0.0
3938,Ti2Sb(PO4)3,0.0
3939,Ti2TcNi,0.0
3940,Ti2TcPd,0.0
3941,Ti2ZnS4,0.0
3942,Ti3Be,0.0
3943,Ti3Cu3O,0.0
3944,Ti3Fe3O,0.0
3945,Ti3PO7,0.0
3946,Ti3Pt5,0.0
3947,Ti3SnC2,0.0
3948,Ti4NiBi2,0.0
3949,Ti4O5,0.0
3950,Ti4ZnO8,0.0
3951,Ti5(B6O13)2,0.0
3952,Ti5Zn4(TeO6)3,0.0
3953,Ti5ZnO7,0.0
3954,Ti6H2O13,3.4
3955,Ti9O10,0.0
3956,Ti9O8,0.0
3957,TiAl,0.0
3958,TiAlAu2,0.0
3959,TiAsRh,0.0
3960,TiAuCl,0.0
3961,TiBi25O39,3.1
3962,TiBr2,0.0
3963,TiC,0.0
3964,TiCoGe,0.0
3965,TiCoSb,0.95
3966,TiCoSn,0.0
3967,TiCr3(PO4)6,0.0
3968,TiFe2,0.0
3969,TiFe2As,0.0
3970,TiFe2Sb,0.0
3971,TiFe2Si,0.4
3972,TiFeH2,0.0
3973,TiGaIr2,0.0
3974,TiHgO3,0.0
3975,TiI,0.0
3976,TiMn2Al,0.0
3977,TiMn2Ge,0.0
3978,TiNiSb,0.42
3979,TiO2,3.3
3980,TiOs3,0.0
3981,TiPO4,0.0
3982,TiPd,0.0
3983,TiReN3,0.0
3984,TiS2,1.95
3985,TiS3,0.9
3986,TiSe,0.0
3987,TiSe2,1.55
3988,TiTc2Sb,0.0
3989,TiTe2,1.0
3990,TiTlPS5,1.3
3991,TiTlS2,1.0
3992,TiTlSe2,0.56
3993,TiV4CuO12,0.0
3994,TiZn3,0.0
3995,Tl(Cu3S2)2,0.0
3996,Tl(MoSe)3,0.0
3997,Tl(WO3)3,0.0
3998,Tl0.001Te1Pb0.999,0.3
3999,Tl0.005Te1Pb0.995,0.48
4000,Tl0.01Te1Pb0.99,0.59
4001,Tl0.04Te1Pb0.96,0.57
4002,Tl0.07Te1Pb0.93,0.54
4003,Tl16O15F17,0.0
4004,Tl2.35Sb8.65Se14,0.6
4005,Tl2BiP2S7,1.8
4006,Tl2CdTe4,0.0
4007,Tl2Cu2SnS4,1.4
4008,Tl2GeTe3,0.36
4009,Tl2Hg3S4,2.05
4010,Tl2Hg3Se4,1.57
4011,Tl2Hg3Te4,0.9
4012,Tl2InGaSe4,2.05
4013,Tl2InGaTe4,0.88
4014,Tl2Mo7O22,0.0
4015,Tl2O3,2.25
4016,Tl2PAuS4,2.2
4017,Tl2S,1.0
4018,Tl2Se,0.37
4019,Tl2Te3As2Se,0.67
4020,Tl2TeBr6,2.06
4021,Tl2TeI6,1.47
4022,Tl2TeS3,1.6
4023,Tl3AsSe3,1.3
4024,Tl3Cr,0.0
4025,Tl3Ir,0.0
4026,Tl3Pb,0.0
4027,Tl3Si,0.0
4028,Tl4CdI6,2.8
4029,Tl4CuTeO6,2.2
4030,Tl4In3GaS8,2.63
4031,Tl5Te3,0.0
4032,Tl6Cu(TeO5)2,2.3
4033,Tl8Os8O27,0.0
4034,Tl9SbSe6,0.0
4035,TlAgSe2,0.72
4036,TlAgTe2,0.1
4037,TlAsS2,2.15
4038,TlAsSe2,1.35
4039,TlBiTe2,0.12
4040,TlBiTe3,0.5
4041,TlCdS2,1.5
4042,TlCoBi,0.0
4043,TlCoMo2,0.0
4044,TlCr5(Se3S)2,0.75
4045,TlCr5(SeS)4,0.85
4046,TlCr5(SeS3)2,0.94
4047,TlCr5S8,1.01
4048,TlCr5Se3S5,0.89
4049,TlCr5Se5S3,0.8
4050,TlCr5Se7S,0.71
4051,TlCr5Se8,0.67
4052,TlCr5SeS7,0.97
4053,TlCuCl3,2.98
4054,TlCuSe2,1.07
4055,TlFeI3,0.0
4056,TlGaS2,3.4
4057,TlGaSe2,1.65
4058,TlGaTe2,1.8
4059,TlHg6S4Br5,3.03
4060,TlHg6Se4Br5,2.8
4061,TlInGeS4,2.3
4062,TlInHgS3,1.74
4063,TlInTe2,0.62
4064,TlN,1.4
4065,TlN3,3.58
4066,TlNi,0.0
4067,TlPS2,1.6
4068,TlPSe2,0.5
4069,TlS,1.36
4070,TlS2,1.8
4071,TlSbSe2,0.82
4072,TlSbTe3,0.38
4073,TlSn,0.0
4074,TlSnAuSe3,1.2
4075,TlTe,0.0
4076,TlTeP,0.3
4077,TlZn2Tc,0.0
4078,Tm(CoSi)2,0.0
4079,Tm(CuGe)2,0.0
4080,Tm(CuS)2,0.0
4081,Tm(CuTe)3,0.14
4082,Tm(FeSi)2,0.0
4083,Tm(GeRu)2,0.0
4084,Tm(MnGe)6,0.0
4085,Tm(NiGe)2,0.0
4086,Tm(SiOs)2,0.0
4087,Tm2AlOs,0.0
4088,Tm2CdHg,0.0
4089,Tm2CuTc,0.0
4090,Tm2Ga10Os3,0.0
4091,Tm2In,0.0
4092,Tm2IrPd,0.0
4093,Tm2MgRu,0.0
4094,Tm2MgTl,0.0
4095,Tm2O3,4.53
4096,Tm2Ru2O7,0.0
4097,Tm2ZnAg,0.0
4098,Tm2ZnGa,0.0
4099,Tm2ZnHg,0.0
4100,Tm2ZnOs,0.0
4101,Tm3(GePd)4,0.0
4102,Tm3GaC,0.0
4103,Tm4In(NiGe2)2,0.0
4104,Tm4Sb2Se11.68,1.22
4105,Tm5(Ge5Rh2)2,0.0
4106,Tm5Ti5O17,0.0
4107,TmAl4Ni,0.0
4108,TmAlCu,0.0
4109,TmAs,1.18
4110,TmAu,0.0
4111,TmAu2,0.0
4112,TmB2C,0.0
4113,TmBPd3,0.0
4114,TmBRh3,0.0
4115,TmCdAg2,0.0
4116,TmCoSi2,0.0
4117,TmCu4Ag,0.0
4118,TmCuSi,0.0
4119,TmGe,0.0
4120,TmH2,0.0
4121,TmIn3,0.0
4122,TmLuPd2,0.0
4123,TmMg2Sc,0.0
4124,TmMgAg2,0.0
4125,TmMgCd2,0.0
4126,TmMnGe,0.0
4127,TmMnO3,0.0
4128,TmPd,0.0
4129,TmSb,0.0
4130,TmScHg2,0.0
4131,TmSnRh,0.0
4132,TmSnRu2,0.0
4133,TmThRu2,0.0
4134,TmTl,0.0
4135,TmU2S3O2,0.0
4136,U(Al2Fe)4,0.0
4137,U(BH4)4,0.0
4138,U(CoGe)2,0.0
4139,U(CrC)4,0.0
4140,U(CuP)2,0.0
4141,U(MnSi)2,0.0
4142,U(SiNi)2,0.0
4143,U11O5,0.0
4144,U2(Co7B2)3,0.0
4145,U2Al3C4,0.0
4146,U2AlCo2,0.0
4147,U2AlCo3,0.0
4148,U2Cl5O2,0.0
4149,U2Cr30P19,0.0
4150,U2Cu2As3O,0.0
4151,U2MnN3,0.0
4152,U2Re2C3,0.0
4153,U2SnRh2,0.0
4154,U2TeN2,0.0
4155,U2Ti,0.0
4156,U2Zn17,0.0
4157,U3Bi4,0.0
4158,U3Cu2Se7,0.0
4159,U3Nb,0.0
4160,U3Ni3Sn4,0.0
4161,U3Se4,0.0
4162,U4N7,0.0
4163,U4Re7Si6,0.0
4164,U4S3,0.0
4165,U5Ge3,0.0
4166,U6Co,0.0
4167,UAl3,0.0
4168,UAl4,0.0
4169,UAlNi4,0.0
4170,UAu2,0.0
4171,UCo4Sn,0.0
4172,UCoSi,0.0
4173,UCuP2,0.0
4174,UFe5Si3,0.0
4175,UFeSi,0.0
4176,UGa2,0.0
4177,UGa3Ni,0.0
4178,UGa5Ir,0.0
4179,UGaNi,0.0
4180,UGeRh,0.0
4181,UHg3(TeCl3)2,2.6
4182,UHg4(AsCl3)2,1.9
4183,UNiSn,0.0
4184,UO,1.5
4185,UO2,2.18
4186,UP2S7,1.41
4187,UP2S9,1.41
4188,UPt3,0.0
4189,USbSe,0.0
4190,USeS,0.0
4191,USi3,0.0
4192,UVC2,0.0
4193,V12P7,0.0
4194,V2(OF)3,0.0
4195,V2Bi4O11,2.0
4196,V2Cd2Te2O11,2.48
4197,V2GaSn2,0.0
4198,V2NO,0.0
4199,V2OsRu,0.0
4200,V2Pb4(Se2O7)3,3.37
4201,V2Sb(PO4)3,0.0
4202,V2Si2O7,0.0
4203,V2TcRu,0.0
4204,V2Zn3TeO10,2.96
4205,V2ZnO4,0.0
4206,V3(HO2)4,0.0
4207,V3Ag,0.0
4208,V3As2O9,0.76
4209,V3Bi(PbO4)3,2.5
4210,V3Cd4(TeO5)3,2.66
4211,V3CrO10,0.0
4212,V3Cu,0.0
4213,V3CuO8,0.0
4214,V3Pb2Se5O18,3.14
4215,V3Pt,0.0
4216,V3Re,0.0
4217,V3Si,0.0
4218,V3SiNi2,0.0
4219,V4ZnO8,0.0
4220,V5SiB2,0.0
4221,V6AgO15,0.0
4222,V6PbO11,0.0
4223,V8O,0.0
4224,VAg(IO4)2,2.24
4225,VAg(PSe3)2,0.0
4226,VAg2I3O11,2.16
4227,VB2,0.0
4228,VBi(SeO4)2,2.2
4229,VBi24O41,3.25
4230,VCo,0.0
4231,VCu3(PO4)4,0.0
4232,VCu3S4,1.0
4233,VFeRu2,0.0
4234,VFeSb,0.46
4235,VGa(TeO4)2,3.0
4236,VIn(NiO3)2,1.92
4237,VIr,0.0
4238,VIr3,0.0
4239,VNi2,0.0
4240,VNi5(PO4)6,0.0
4241,VO,0.3
4242,VP,0.0
4243,VP4,0.0
4244,VPO4,0.0
4245,VPt2,0.0
4246,VSb,0.0
4247,VTc,0.0
4248,VTe2,0.0
4249,VTeHO5,2.51
4250,VZn2BiO6,2.4
4251,VZnRu2,0.0
4252,W2C,0.0
4253,W2N,0.0
4254,W3O7F,0.0
4255,WCl3,0.0
4256,Y(Al2Cu)4,0.0
4257,Y(Al5Fe)2,0.0
4258,Y(AlSi)2,0.0
4259,Y(CrSi)2,0.0
4260,Y(CuSe)3,0.88
4261,Y(CuSi)2,0.0
4262,Y(CuTe)3,0.72
4263,Y(FeSi)2,0.0
4264,Y(NiP)2,0.0
4265,Y(Re2Si)2,0.0
4266,Y(SiPt)2,0.0
4267,Y(SiRh)2,0.0
4268,Y(SiRu)2,0.0
4269,Y(TiGa2)2,0.0
4270,Y2AlZn,0.0
4271,Y2C3,0.0
4272,Y2CuO4,0.0
4273,Y2Fe2Si2C,0.0
4274,Y2Ge2O7,0.0
4275,Y2Ge5Ir3,0.0
4276,Y2Mo2O7,0.0
4277,Y2O3,5.6
4278,Y2ReB6,0.0
4279,Y2Ru2O7,0.0
4280,Y2S3,2.9
4281,Y2U3O11,0.0
4282,Y3(Fe31B7)2,0.0
4283,Y3Al3NiGe2,0.0
4284,Y3Fe29,0.0
4285,Y3GaCo3,0.0
4286,Y3GaS6,2.88
4287,Y3Ge4,0.0
4288,Y3Si3Pd2,0.0
4289,Y3Tm,0.0
4290,Y4AsSe3,0.0
4291,Y4C7,0.0
4292,Y4CuTe8,0.0
4293,Y4GaSbS9,2.06
4294,Y4US5O3,1.95
4295,Y6Zn(SiS7)2,2.38
4296,YAgO3,0.0
4297,YAlGe,0.0
4298,YAlPd,0.0
4299,YAs,0.0
4300,YB2C,0.0
4301,YB2Rh2C,0.0
4302,YB66,0.8
4303,YBi,0.0
4304,YCd4B3O10,3.78
4305,YCdHg2,0.0
4306,YCdPd2,0.0
4307,YCdPt2,0.0
4308,YCo2,0.0
4309,YCoO3,0.0
4310,YCu3(WO3)4,0.0
4311,YCuO2,3.5
4312,YErRh2,0.0
4313,YH2,0.0
4314,YH2NO5,4.83
4315,YHg2,0.0
4316,YIn2Ni,0.0
4317,YMg4Cu,0.0
4318,YMgAl,0.0
4319,YMgCu4,0.0
4320,YMgGa,0.0
4321,YMoClO4,3.82
4322,YMoO4F,3.78
4323,YN,1.9
4324,YNi4B,0.0
4325,YSbPd,0.27
4326,YSbPt,0.16
4327,YScO2,0.0
4328,YSi2,0.0
4329,YSiNi,0.0
4330,YSiRu,0.0
4331,YSn3,0.0
4332,YTi4(CuO4)3,0.0
4333,YTiO3,0.0
4334,YTmCu2,0.0
4335,YV(BiO4)2,2.09
4336,YVSeO10,2.7
4337,YVTeO10,2.2
4338,YWO3,0.0
4339,YZn5,0.0
4340,YZnBiO4,1.58
4341,Yb(Al2Mo)2,0.0
4342,Yb(AlGa)2,0.0
4343,Yb(AlGe)2,0.0
4344,Yb(AlSi)2,0.0
4345,Yb(CuS)3,1.56
4346,Yb(CuSe)3,0.2
4347,Yb(Fe2Ge)2,0.0
4348,Yb(Ga4Co)2,0.0
4349,Yb(GaS2)2,2.3
4350,Yb(GaSe2)2,1.8
4351,Yb(HO)3,0.0
4352,Yb(IO3)3,0.0
4353,Yb(InS2)3,1.31
4354,Yb(MnAs)2,0.0
4355,Yb(SbS2)2,1.12
4356,Yb(SbTe2)2,0.34
4357,Yb(SiAg)2,0.0
4358,Yb(SiRh)2,0.0
4359,Yb11(Ni10C)6,0.0
4360,Yb14Ti10O41,0.0
4361,Yb16S29,0.0
4362,Yb2(ZnGe)3,0.0
4363,Yb23Mg4Cu7,0.0
4364,Yb2Ce8O19,0.0
4365,Yb2EuS4,1.6
4366,Yb2EuSe4,1.3
4367,Yb2Ge2Ir,0.0
4368,Yb2HgPb,0.0
4369,Yb2InPd2,0.0
4370,Yb2MgS4,0.0
4371,Yb2MgSe4,0.0
4372,Yb2O3,5.22
4373,Yb2SmS4,0.0
4374,Yb2Sn,0.0
4375,Yb2ZnPb,0.0
4376,Yb3Al5O12,0.0
4377,Yb3Sn13Rh4,0.0
4378,Yb3Tc,0.0
4379,Yb3Ti3O14,0.0
4380,Yb3V,0.0
4381,Yb4Sb2S11.25,1.71
4382,Yb4Sb3,0.0
4383,Yb5Au4,0.0
4384,Yb6U3O17,0.0
4385,Yb8Ge3Sb5,0.0
4386,YbAg2,0.0
4387,YbAgGe,0.0
4388,YbAgO2,0.0
4389,YbAl3,0.0
4390,YbAs,1.02
4391,YbB2Rh3,0.0
4392,YbB66,1.27
4393,YbBO3,0.0
4394,YbCdHg2,0.0
4395,YbCe2CuS5,1.37
4396,YbCe2CuSe5,1.05
4397,YbCuGe,0.0
4398,YbCuSi,0.0
4399,YbDyPd2,0.0
4400,YbGa2Pd,0.0
4401,YbGeRh,0.0
4402,YbH2ClO2,0.0
4403,YbIn4Ni,0.0
4404,YbIn4Rh,0.0
4405,YbIr2,0.0
4406,YbMgPd,0.0
4407,YbMn2O5,0.0
4408,YbNd2CuS5,1.35
4409,YbNd3,0.0
4410,YbNdAg2,0.0
4411,YbPO4,0.0
4412,YbPmPt2,0.0
4413,YbPr11Se16,0.0
4414,YbPr2CuS5,1.25
4415,YbRh2,0.0
4416,YbSb,1.0
4417,YbSb4Te7,0.22
4418,YbSe,1.5
4419,YbSi2Ni,0.0
4420,YbSm2CuS5,1.28
4421,YbSmRh2,0.0
4422,YbSn2Pd,0.0
4423,YbSnRh,0.0
4424,YbSnTe2,0.75
4425,YbTe,1.8
4426,YbTlS2,0.0
4427,YbTlSe2,0.0
4428,YbWClO4,4.23
4429,YbZnAu2,0.0
4430,YbZnPt,0.0
4431,Zn(Bi19O29)2,2.88
4432,Zn(CoO2)2,0.0
4433,Zn(CuO2)2,0.0
4434,Zn(FeN)2,0.0
4435,Zn(GaSe2)2,1.72
4436,Zn0.01Ga0.99As0.99Se0.01,1.39
4437,Zn0.01Ga0.99P0.99S0.01,2.25
4438,Zn0.01Ga0.99P0.99Se0.01,2.24
4439,Zn0.01Ga0.99Sb0.99Te0.01,0.72
4440,Zn0.05Ga0.95Sb0.95Te0.05,0.85
4441,Zn0.15Ga0.85As0.85Se0.15,1.47
4442,Zn0.1Ga0.9Sb0.9Te0.1,1.0
4443,Zn0.25Ga0.75As0.75Se0.25,1.51
4444,Zn0.25Ga0.75P0.75Se0.25,2.18
4445,Zn0.2Ga0.8Sb0.8Te0.2,1.15
4446,Zn0.2Hg0.8Te1,0.07
4447,Zn0.3Ga0.7P0.7S0.3,2.3
4448,Zn0.42Ga0.58As0.58Se0.42,1.67
4449,Zn0.4Hg0.6Se1,0.42
4450,Zn0.55Hg0.45Se1,0.8
4451,Zn0.5Ga0.5As0.5Se0.5,1.52
4452,Zn0.5Ga0.5P0.5Se0.5,2.13
4453,Zn0.65Hg0.35Se1,1.0
4454,Zn0.6Ga0.4As0.4Se0.6,1.8
4455,Zn0.75Cd0.25Se1,3.2
4456,Zn0.75Hg0.25Se1,1.4
4457,Zn0.7Ga0.3As0.3Se0.7,1.93
4458,Zn0.7Ga0.3P0.3Se0.7,2.15
4459,Zn0.85Ga0.15As0.15Se0.85,2.25
4460,Zn0.85Hg0.15Se1,1.8
4461,Zn0.86Hg0.14Te1,1.66
4462,Zn0.8Hg0.2Se1,1.4
4463,Zn0.8Hg0.2Te1,1.4
4464,Zn0.92Hg0.08Te1,1.9
4465,Zn0.94Hg0.06Te1,2.03
4466,Zn0.95Ga0.05P0.05Se0.95,2.4
4467,Zn0.99Ga0.01As0.01Se0.99,2.59
4468,Zn0.99Ga0.01P0.01S0.99,3.7
4469,Zn0.99Ga0.01P0.01Se0.99,2.6
4470,Zn0.99Ga0.01Sb0.01Te0.99,2.1
4471,Zn0.99Hg0.01Se1,2.6
4472,Zn0.9Ga0.1As0.1Se0.9,2.34
4473,Zn0.9Ga0.1P0.1S0.9,2.8
4474,Zn0.9Ga0.1P0.1Se0.9,2.3
4475,Zn0.9Hg0.1Se1,1.75
4476,Zn0.9Hg0.1Te1,1.74
4477,Zn2BIr2,0.0
4478,Zn2InCuSe4,1.1
4479,Zn2InCuTe4,1.05
4480,Zn2MoSeO7,4.2
4481,Zn2Ni9O13,0.0
4482,Zn2Sb3O8,0.0
4483,Zn2SnN2,0.0
4484,Zn2TeMoO7,4.1
4485,Zn2WN2,0.0
4486,Zn3(BO3)2,2.6
4487,Zn3(PS4)2,3.07
4488,Zn3.5Ga1Sn0.5O6,2.99
4489,Zn3Cd,0.0
4490,Zn3Cu,0.0
4491,Zn3Cu10(TeO6)6,0.0
4492,Zn3N2,0.0
4493,Zn3P2,1.15
4494,Zn4.5Ga1Sn0.5O7,3.0
4495,Zn5.5Ga1Sn0.5O8,2.99
4496,Zn6S5Cl2,2.71
4497,Zn8Ag5,0.0
4498,ZnAgF5,0.0
4499,ZnAs,0.9
4500,ZnB12(H5O12)2,4.6
4501,ZnCrO2,0.0
4502,ZnCu2GeS4,2.1
4503,ZnCu2GeSe4,1.63
4504,ZnCu2SiSe4,2.33
4505,ZnCu2SiTe4,1.47
4506,ZnCu2SnSe4,1.44
4507,ZnCu2SnTe4,1.39
4508,ZnCu3P3O13,0.0
4509,ZnGaRh2,0.0
4510,ZnHg3(SCl2)2,2.65
4511,ZnHg3(SeCl2)2,2.23
4512,ZnI2,4.53
4513,ZnIrO3,0.0
4514,ZnSb,1.05
4515,ZnSb2MoO7,3.3
4516,ZnSb3,0.0
4517,ZnSi(AgS2)2,3.28
4518,ZnSiAs2,2.12
4519,ZnSiP2,2.07
4520,ZnSn3,0.0
4521,ZnSnO3,3.9
4522,ZnTc,2.37
4523,ZnWO2,0.0
4524,Zr(Fe2Si)2,0.0
4525,Zr(Ni2P)2,0.0
4526,Zr0.67Ta1.33N3.03O0.12,1.71
4527,Zr1.33Ta0.67N1.63O1.89,2.48
4528,Zr1.33Ta0.67N1.97O1.38,2.31
4529,Zr1.33Ta0.67N2.61O0.42,1.93
4530,Zr1.86Cu1S4,1.26
4531,Zr2(Co7B2)3,0.0
4532,Zr2Al,0.0
4533,Zr2Co12P7,0.0
4534,Zr2CuS4,0.0
4535,Zr2HBr2,0.0
4536,Zr2In5Ni,0.0
4537,Zr2Ni12P7,0.0
4538,Zr2Se,0.0
4539,Zr2Te,0.0
4540,Zr3(Al2C3)2,0.0
4541,Zr3(Cu2Si3)2,0.0
4542,Zr3Ag,0.0
4543,Zr3Al2,0.0
4544,Zr3Hg,0.0
4545,Zr3Ir,0.0
4546,Zr3NiO,0.0
4547,Zr3O,0.2
4548,Zr4AlNi2,0.0
4549,Zr4Co4Ge7,0.0
4550,Zr5Al3,0.0
4551,Zr5Al3C,0.0
4552,Zr5Sb3,0.0
4553,Zr5SiSb3,0.0
4554,Zr5Sn3,0.0
4555,Zr5Sn4,0.0
4556,Zr6Al2CoH10,0.0
4557,Zr6Al2Ni,0.0
4558,Zr6NiCl15,0.0
4559,Zr6O,0.18
4560,Zr6Sb2Pt,0.0
4561,Zr7P4,0.0
4562,Zr7Sb4,0.0
4563,ZrAl5Ni2,0.0
4564,ZrAlPt,0.0
4565,ZrAlRu2,0.0
4566,ZrAlW,0.0
4567,ZrAu4,0.0
4568,ZrB2,0.0
4569,ZrC,0.6
4570,ZrCd,0.0
4571,ZrCrSi2,0.0
4572,ZrGaPt,0.0
4573,ZrGe2,0.0
4574,ZrGeRu,0.0
4575,ZrHCl,0.0
4576,ZrHg4(AsCl3)2,2.48
4577,ZrHg4(PCl3)2,3.22
4578,ZrInCu2,0.0
4579,ZrInPd2,0.0
4580,ZrInRh2,0.0
4581,ZrIr2,0.0
4582,ZrMo3,0.0
4583,ZrNiGe,0.0
4584,ZrNiSb,0.55
4585,ZrNiSn,0.0
4586,ZrO2,4.99
4587,ZrPd2,0.0
4588,ZrPd3,0.0
4589,ZrRe2,0.0
4590,ZrRh,0.0
4591,ZrRu3C,0.0
4592,ZrS2,2.75
4593,ZrSb,0.0
4594,ZrSbRu,0.0
4595,ZrSe,0.0
4596,ZrSe2,2.0
4597,ZrSi2,0.0
4598,ZrSiTe,0.0
4599,ZrTaN3,1.72
4600,ZrTe,0.0
4601,ZrTi2O,0.0
4602,ZrTiF6,0.0
4603,ZrW2,0.0
